,time,latitude,longitude,filename
0,2021-11-01 12:30:10+00:00,51.657863,0.07295,6585477599.gpx
1,2021-11-01 12:30:12+00:00,51.6577255,0.0730105,6585477599.gpx
2,2021-11-01 12:30:14+00:00,51.657588,0.073071,6585477599.gpx
3,2021-11-01 12:30:15+00:00,51.657658,0.072999,6585477599.gpx
4,2021-11-01 12:30:17+00:00,51.657798,0.072855,6585477599.gpx
5,2021-11-01 12:30:20+00:00,51.657787,0.072774,6585477599.gpx
6,2021-11-01 12:30:23+00:00,51.657749,0.072694,6585477599.gpx
7,2021-11-01 12:30:25+00:00,51.657764,0.072604,6585477599.gpx
8,2021-11-01 12:30:27+00:00,51.657764,0.072526,6585477599.gpx
9,2021-11-01 12:30:29+00:00,51.657802,0.07242,6585477599.gpx
10,2021-11-01 12:30:31+00:00,51.657783,0.072333,6585477599.gpx
11,2021-11-01 12:30:33+00:00,51.657787,0.072234,6585477599.gpx
12,2021-11-01 12:30:35+00:00,51.657794,0.072157,6585477599.gpx
13,2021-11-01 12:30:37+00:00,51.657791,0.072066,6585477599.gpx
14,2021-11-01 12:30:39+00:00,51.657791,0.071985,6585477599.gpx
15,2021-11-01 12:30:41+00:00,51.657798,0.071895,6585477599.gpx
16,2021-11-01 12:30:43+00:00,51.657794,0.071813,6585477599.gpx
17,2021-11-01 12:30:45+00:00,51.657791,0.071692,6585477599.gpx
18,2021-11-01 12:30:47+00:00,51.657787,0.071612,6585477599.gpx
19,2021-11-01 12:30:49+00:00,51.657791,0.071512,6585477599.gpx
20,2021-11-01 12:30:51+00:00,51.657791,0.071426,6585477599.gpx
21,2021-11-01 12:30:53+00:00,51.657794,0.071326,6585477599.gpx
22,2021-11-01 12:30:55+00:00,51.657794,0.071225,6585477599.gpx
23,2021-11-01 12:30:57+00:00,51.657791,0.07113,6585477599.gpx
24,2021-11-01 12:30:59+00:00,51.657783,0.071031,6585477599.gpx
25,2021-11-01 12:31:01+00:00,51.657802,0.070918,6585477599.gpx
26,2021-11-01 12:31:03+00:00,51.657802,0.070835,6585477599.gpx
27,2021-11-01 12:31:05+00:00,51.657802,0.070753,6585477599.gpx
28,2021-11-01 12:31:07+00:00,51.65781,0.070667,6585477599.gpx
29,2021-11-01 12:31:09+00:00,51.657821,0.07057,6585477599.gpx
30,2021-11-01 12:31:11+00:00,51.65784,0.07049,6585477599.gpx
31,2021-11-01 12:31:13+00:00,51.657844,0.070404,6585477599.gpx
32,2021-11-01 12:31:15+00:00,51.657833,0.070308,6585477599.gpx
33,2021-11-01 12:31:16+00:00,51.657848,0.070206,6585477599.gpx
34,2021-11-01 12:31:18+00:00,51.657852,0.070106,6585477599.gpx
35,2021-11-01 12:31:20+00:00,51.657852,0.070013,6585477599.gpx
36,2021-11-01 12:31:22+00:00,51.657859,0.069918,6585477599.gpx
37,2021-11-01 12:31:24+00:00,51.657859,0.069827,6585477599.gpx
38,2021-11-01 12:31:26+00:00,51.657859,0.069728,6585477599.gpx
39,2021-11-01 12:31:28+00:00,51.657852,0.069646,6585477599.gpx
40,2021-11-01 12:31:30+00:00,51.657852,0.069547,6585477599.gpx
41,2021-11-01 12:31:32+00:00,51.657852,0.06945,6585477599.gpx
42,2021-11-01 12:31:34+00:00,51.657852,0.069353,6585477599.gpx
43,2021-11-01 12:31:36+00:00,51.657848,0.069246,6585477599.gpx
44,2021-11-01 12:31:38+00:00,51.657848,0.069146,6585477599.gpx
45,2021-11-01 12:31:40+00:00,51.657844,0.069039,6585477599.gpx
46,2021-11-01 12:31:42+00:00,51.657844,0.068942,6585477599.gpx
47,2021-11-01 12:31:44+00:00,51.657836,0.068844,6585477599.gpx
48,2021-11-01 12:31:46+00:00,51.65784,0.06875,6585477599.gpx
49,2021-11-01 12:31:48+00:00,51.657848,0.068649,6585477599.gpx
50,2021-11-01 12:31:50+00:00,51.657836,0.068554,6585477599.gpx
51,2021-11-01 12:31:52+00:00,51.657836,0.068452,6585477599.gpx
52,2021-11-01 12:31:54+00:00,51.657836,0.068357,6585477599.gpx
53,2021-11-01 12:31:56+00:00,51.657829,0.068254,6585477599.gpx
54,2021-11-01 12:31:58+00:00,51.657817,0.068155,6585477599.gpx
55,2021-11-01 12:32:00+00:00,51.657821,0.068055,6585477599.gpx
56,2021-11-01 12:32:02+00:00,51.657821,0.067954,6585477599.gpx
57,2021-11-01 12:32:04+00:00,51.65781,0.067858,6585477599.gpx
58,2021-11-01 12:32:06+00:00,51.657794,0.067762,6585477599.gpx
59,2021-11-01 12:32:08+00:00,51.657779,0.067666,6585477599.gpx
60,2021-11-01 12:32:10+00:00,51.657749,0.067578,6585477599.gpx
61,2021-11-01 12:32:12+00:00,51.657703,0.067514,6585477599.gpx
62,2021-11-01 12:32:14+00:00,51.657649,0.067466,6585477599.gpx
63,2021-11-01 12:32:16+00:00,51.657592,0.067423,6585477599.gpx
64,2021-11-01 12:32:18+00:00,51.657531,0.067404,6585477599.gpx
65,2021-11-01 12:32:20+00:00,51.65747,0.067395,6585477599.gpx
66,2021-11-01 12:32:22+00:00,51.657405,0.067388,6585477599.gpx
67,2021-11-01 12:32:24+00:00,51.657344,0.067386,6585477599.gpx
68,2021-11-01 12:32:26+00:00,51.657283,0.067378,6585477599.gpx
69,2021-11-01 12:32:28+00:00,51.657218,0.067394,6585477599.gpx
70,2021-11-01 12:32:30+00:00,51.657157,0.067402,6585477599.gpx
71,2021-11-01 12:32:32+00:00,51.657096,0.0674,6585477599.gpx
72,2021-11-01 12:32:34+00:00,51.657032,0.067416,6585477599.gpx
73,2021-11-01 12:32:36+00:00,51.656967,0.067417,6585477599.gpx
74,2021-11-01 12:32:38+00:00,51.656902,0.067409,6585477599.gpx
75,2021-11-01 12:32:40+00:00,51.656845,0.06744,6585477599.gpx
76,2021-11-01 12:32:42+00:00,51.656784,0.067417,6585477599.gpx
77,2021-11-01 12:32:44+00:00,51.656726,0.067402,6585477599.gpx
78,2021-11-01 12:32:46+00:00,51.656677,0.067392,6585477599.gpx
79,2021-11-01 12:32:48+00:00,51.65662,0.067316,6585477599.gpx
80,2021-11-01 12:32:50+00:00,51.656558,0.067276,6585477599.gpx
81,2021-11-01 12:32:52+00:00,51.656497,0.067261,6585477599.gpx
82,2021-11-01 12:32:54+00:00,51.656433,0.067239,6585477599.gpx
83,2021-11-01 12:32:56+00:00,51.656372,0.067214,6585477599.gpx
84,2021-11-01 12:32:58+00:00,51.656311,0.067177,6585477599.gpx
85,2021-11-01 12:33:00+00:00,51.65625,0.067144,6585477599.gpx
86,2021-11-01 12:33:02+00:00,51.656192,0.067119,6585477599.gpx
87,2021-11-01 12:33:05+00:00,51.656143,0.067104,6585477599.gpx
88,2021-11-01 12:33:07+00:00,51.656093,0.0671,6585477599.gpx
89,2021-11-01 12:33:09+00:00,51.656051,0.067163,6585477599.gpx
90,2021-11-01 12:33:11+00:00,51.656021,0.067243,6585477599.gpx
91,2021-11-01 12:33:13+00:00,51.656005,0.067315,6585477599.gpx
92,2021-11-01 12:33:15+00:00,51.655963,0.067344,6585477599.gpx
93,2021-11-01 12:33:17+00:00,51.655921,0.067303,6585477599.gpx
94,2021-11-01 12:33:19+00:00,51.655872,0.067288,6585477599.gpx
95,2021-11-01 12:33:21+00:00,51.655826,0.067267,6585477599.gpx
96,2021-11-01 12:33:23+00:00,51.655788,0.067184,6585477599.gpx
97,2021-11-01 12:33:25+00:00,51.65575,0.067113,6585477599.gpx
98,2021-11-01 12:33:27+00:00,51.655704,0.067053,6585477599.gpx
99,2021-11-01 12:33:29+00:00,51.65567,0.066964,6585477599.gpx
100,2021-11-01 12:33:31+00:00,51.655624,0.066884,6585477599.gpx
101,2021-11-01 12:33:33+00:00,51.655574,0.066805,6585477599.gpx
102,2021-11-01 12:33:35+00:00,51.655536,0.066719,6585477599.gpx
103,2021-11-01 12:33:37+00:00,51.65549,0.066638,6585477599.gpx
104,2021-11-01 12:33:39+00:00,51.655464,0.06655,6585477599.gpx
105,2021-11-01 12:33:41+00:00,51.655437,0.066448,6585477599.gpx
106,2021-11-01 12:33:43+00:00,51.655429,0.066343,6585477599.gpx
107,2021-11-01 12:33:45+00:00,51.655395,0.066259,6585477599.gpx
108,2021-11-01 12:33:47+00:00,51.655349,0.066188,6585477599.gpx
109,2021-11-01 12:33:49+00:00,51.655288,0.066133,6585477599.gpx
110,2021-11-01 12:33:51+00:00,51.655239,0.06608,6585477599.gpx
111,2021-11-01 12:33:53+00:00,51.655189,0.066019,6585477599.gpx
112,2021-11-01 12:33:55+00:00,51.655147,0.065952,6585477599.gpx
113,2021-11-01 12:33:57+00:00,51.655097,0.065901,6585477599.gpx
114,2021-11-01 12:33:59+00:00,51.655055,0.065833,6585477599.gpx
115,2021-11-01 12:34:01+00:00,51.65501,0.06577,6585477599.gpx
116,2021-11-01 12:34:03+00:00,51.654964,0.065707,6585477599.gpx
117,2021-11-01 12:34:05+00:00,51.654918,0.065644,6585477599.gpx
118,2021-11-01 12:34:07+00:00,51.654869,0.06558,6585477599.gpx
119,2021-11-01 12:34:09+00:00,51.654819,0.065512,6585477599.gpx
120,2021-11-01 12:34:11+00:00,51.654769,0.065437,6585477599.gpx
121,2021-11-01 12:34:13+00:00,51.654724,0.065376,6585477599.gpx
122,2021-11-01 12:34:15+00:00,51.654678,0.065316,6585477599.gpx
123,2021-11-01 12:34:17+00:00,51.654632,0.065252,6585477599.gpx
124,2021-11-01 12:34:19+00:00,51.654586,0.065186,6585477599.gpx
125,2021-11-01 12:34:21+00:00,51.654544,0.065138,6585477599.gpx
126,2021-11-01 12:34:23+00:00,51.654495,0.065068,6585477599.gpx
127,2021-11-01 12:34:25+00:00,51.654445,0.065005,6585477599.gpx
128,2021-11-01 12:34:27+00:00,51.654399,0.064944,6585477599.gpx
129,2021-11-01 12:34:29+00:00,51.654354,0.064888,6585477599.gpx
130,2021-11-01 12:34:30+00:00,51.654308,0.064827,6585477599.gpx
131,2021-11-01 12:34:32+00:00,51.654266,0.064742,6585477599.gpx
132,2021-11-01 12:34:34+00:00,51.654235,0.064671,6585477599.gpx
133,2021-11-01 12:34:36+00:00,51.654193,0.064599,6585477599.gpx
134,2021-11-01 12:34:38+00:00,51.654159,0.06453,6585477599.gpx
135,2021-11-01 12:34:40+00:00,51.654121,0.064456,6585477599.gpx
136,2021-11-01 12:34:42+00:00,51.654079,0.064374,6585477599.gpx
137,2021-11-01 12:34:44+00:00,51.654037,0.064294,6585477599.gpx
138,2021-11-01 12:34:47+00:00,51.653999,0.064229,6585477599.gpx
139,2021-11-01 12:34:49+00:00,51.653957,0.064159,6585477599.gpx
140,2021-11-01 12:34:51+00:00,51.653915,0.064088,6585477599.gpx
141,2021-11-01 12:34:53+00:00,51.653873,0.064003,6585477599.gpx
142,2021-11-01 12:34:54+00:00,51.653827,0.063927,6585477599.gpx
143,2021-11-01 12:34:56+00:00,51.653789,0.063865,6585477599.gpx
144,2021-11-01 12:34:58+00:00,51.653759,0.063793,6585477599.gpx
145,2021-11-01 12:35:00+00:00,51.653717,0.063707,6585477599.gpx
146,2021-11-01 12:35:02+00:00,51.653678,0.063624,6585477599.gpx
147,2021-11-01 12:35:04+00:00,51.65364,0.063557,6585477599.gpx
148,2021-11-01 12:35:06+00:00,51.653598,0.063484,6585477599.gpx
149,2021-11-01 12:35:08+00:00,51.65356,0.063397,6585477599.gpx
150,2021-11-01 12:35:10+00:00,51.653526,0.06331,6585477599.gpx
151,2021-11-01 12:35:12+00:00,51.653495,0.063214,6585477599.gpx
152,2021-11-01 12:35:14+00:00,51.653461,0.063123,6585477599.gpx
153,2021-11-01 12:35:16+00:00,51.653408,0.063032,6585477599.gpx
154,2021-11-01 12:35:18+00:00,51.653373,0.06296,6585477599.gpx
155,2021-11-01 12:35:20+00:00,51.653331,0.062846,6585477599.gpx
156,2021-11-01 12:35:22+00:00,51.653293,0.062749,6585477599.gpx
157,2021-11-01 12:35:24+00:00,51.653255,0.062648,6585477599.gpx
158,2021-11-01 12:35:26+00:00,51.653213,0.062552,6585477599.gpx
159,2021-11-01 12:35:28+00:00,51.653175,0.06246,6585477599.gpx
160,2021-11-01 12:35:31+00:00,51.653129,0.062362,6585477599.gpx
161,2021-11-01 12:35:33+00:00,51.653091,0.062264,6585477599.gpx
162,2021-11-01 12:35:35+00:00,51.653049,0.062171,6585477599.gpx
163,2021-11-01 12:35:37+00:00,51.653022,0.062075,6585477599.gpx
164,2021-11-01 12:35:38+00:00,51.652988,0.062027,6585477599.gpx
165,2021-11-01 12:35:40+00:00,51.652931,0.061946,6585477599.gpx
166,2021-11-01 12:35:42+00:00,51.652877,0.061868,6585477599.gpx
167,2021-11-01 12:35:44+00:00,51.652828,0.061776,6585477599.gpx
168,2021-11-01 12:35:46+00:00,51.652774,0.061691,6585477599.gpx
169,2021-11-01 12:35:48+00:00,51.652736,0.061607,6585477599.gpx
170,2021-11-01 12:35:50+00:00,51.652679,0.061544,6585477599.gpx
171,2021-11-01 12:35:52+00:00,51.652622,0.061475,6585477599.gpx
172,2021-11-01 12:35:54+00:00,51.652565,0.061397,6585477599.gpx
173,2021-11-01 12:35:56+00:00,51.652503,0.06133,6585477599.gpx
174,2021-11-01 12:35:58+00:00,51.652454,0.061262,6585477599.gpx
175,2021-11-01 12:36:00+00:00,51.652393,0.061196,6585477599.gpx
176,2021-11-01 12:36:02+00:00,51.652343,0.061111,6585477599.gpx
177,2021-11-01 12:36:04+00:00,51.652294,0.061031,6585477599.gpx
178,2021-11-01 12:36:06+00:00,51.65224,0.060956,6585477599.gpx
179,2021-11-01 12:36:08+00:00,51.652187,0.060868,6585477599.gpx
180,2021-11-01 12:36:10+00:00,51.652145,0.060786,6585477599.gpx
181,2021-11-01 12:36:12+00:00,51.652084,0.06071,6585477599.gpx
182,2021-11-01 12:36:14+00:00,51.652019,0.060628,6585477599.gpx
183,2021-11-01 12:36:16+00:00,51.651969,0.060539,6585477599.gpx
184,2021-11-01 12:36:18+00:00,51.651912,0.06047,6585477599.gpx
185,2021-11-01 12:36:20+00:00,51.651859,0.06039,6585477599.gpx
186,2021-11-01 12:36:22+00:00,51.651798,0.060309,6585477599.gpx
187,2021-11-01 12:36:24+00:00,51.651748,0.060224,6585477599.gpx
188,2021-11-01 12:36:26+00:00,51.651699,0.060157,6585477599.gpx
189,2021-11-01 12:36:28+00:00,51.651638,0.060082,6585477599.gpx
190,2021-11-01 12:36:30+00:00,51.651588,0.060013,6585477599.gpx
191,2021-11-01 12:36:32+00:00,51.651535,0.059942,6585477599.gpx
192,2021-11-01 12:36:34+00:00,51.651481,0.05987,6585477599.gpx
193,2021-11-01 12:36:35+00:00,51.651428,0.05978,6585477599.gpx
194,2021-11-01 12:36:37+00:00,51.651374,0.059701,6585477599.gpx
195,2021-11-01 12:36:39+00:00,51.651317,0.059617,6585477599.gpx
196,2021-11-01 12:36:41+00:00,51.651264,0.059528,6585477599.gpx
197,2021-11-01 12:36:44+00:00,51.651218,0.059456,6585477599.gpx
198,2021-11-01 12:36:46+00:00,51.651191,0.059357,6585477599.gpx
199,2021-11-01 12:36:48+00:00,51.651142,0.059276,6585477599.gpx
200,2021-11-01 12:36:50+00:00,51.651081,0.059207,6585477599.gpx
201,2021-11-01 12:36:52+00:00,51.651016,0.059144,6585477599.gpx
202,2021-11-01 12:36:54+00:00,51.650966,0.05907,6585477599.gpx
203,2021-11-01 12:36:56+00:00,51.650917,0.059002,6585477599.gpx
204,2021-11-01 12:36:58+00:00,51.650863,0.058937,6585477599.gpx
205,2021-11-01 12:37:00+00:00,51.65081,0.058879,6585477599.gpx
206,2021-11-01 12:37:02+00:00,51.65076,0.058823,6585477599.gpx
207,2021-11-01 12:37:04+00:00,51.650714,0.058739,6585477599.gpx
208,2021-11-01 12:37:06+00:00,51.650676,0.058648,6585477599.gpx
209,2021-11-01 12:37:08+00:00,51.650653,0.058561,6585477599.gpx
210,2021-11-01 12:37:10+00:00,51.650604,0.058488,6585477599.gpx
211,2021-11-01 12:37:12+00:00,51.650566,0.058416,6585477599.gpx
212,2021-11-01 12:37:14+00:00,51.650527,0.058318,6585477599.gpx
213,2021-11-01 12:37:16+00:00,51.650478,0.058235,6585477599.gpx
214,2021-11-01 12:37:18+00:00,51.65044,0.058163,6585477599.gpx
215,2021-11-01 12:37:20+00:00,51.650402,0.058079,6585477599.gpx
216,2021-11-01 12:37:22+00:00,51.650341,0.058012,6585477599.gpx
217,2021-11-01 12:37:24+00:00,51.650299,0.057944,6585477599.gpx
218,2021-11-01 12:37:26+00:00,51.650257,0.057877,6585477599.gpx
219,2021-11-01 12:37:27+00:00,51.65023,0.057814,6585477599.gpx
220,2021-11-01 12:37:29+00:00,51.650184,0.057768,6585477599.gpx
221,2021-11-01 12:37:31+00:00,51.650127,0.057701,6585477599.gpx
222,2021-11-01 12:37:33+00:00,51.65007,0.057645,6585477599.gpx
223,2021-11-01 12:37:35+00:00,51.650012,0.057581,6585477599.gpx
224,2021-11-01 12:37:37+00:00,51.649955,0.05753,6585477599.gpx
225,2021-11-01 12:37:39+00:00,51.649898,0.057461,6585477599.gpx
226,2021-11-01 12:37:41+00:00,51.649841,0.057405,6585477599.gpx
227,2021-11-01 12:37:43+00:00,51.649784,0.057359,6585477599.gpx
228,2021-11-01 12:37:45+00:00,51.64973,0.057314,6585477599.gpx
229,2021-11-01 12:37:47+00:00,51.649665,0.057263,6585477599.gpx
230,2021-11-01 12:37:49+00:00,51.649608,0.057273,6585477599.gpx
231,2021-11-01 12:37:51+00:00,51.649559,0.057315,6585477599.gpx
232,2021-11-01 12:37:53+00:00,51.649494,0.057314,6585477599.gpx
233,2021-11-01 12:37:55+00:00,51.64944,0.057284,6585477599.gpx
234,2021-11-01 12:37:57+00:00,51.649383,0.057225,6585477599.gpx
235,2021-11-01 12:37:59+00:00,51.649326,0.057174,6585477599.gpx
236,2021-11-01 12:38:01+00:00,51.649272,0.057114,6585477599.gpx
237,2021-11-01 12:38:03+00:00,51.649219,0.057077,6585477599.gpx
238,2021-11-01 12:38:05+00:00,51.649166,0.057031,6585477599.gpx
239,2021-11-01 12:38:07+00:00,51.649108,0.056983,6585477599.gpx
240,2021-11-01 12:38:09+00:00,51.649063,0.056926,6585477599.gpx
241,2021-11-01 12:38:11+00:00,51.649013,0.056885,6585477599.gpx
242,2021-11-01 12:38:13+00:00,51.648952,0.056827,6585477599.gpx
243,2021-11-01 12:38:15+00:00,51.648891,0.056809,6585477599.gpx
244,2021-11-01 12:38:17+00:00,51.648834,0.056823,6585477599.gpx
245,2021-11-01 12:38:19+00:00,51.648769,0.056762,6585477599.gpx
246,2021-11-01 12:38:21+00:00,51.648715,0.056684,6585477599.gpx
247,2021-11-01 12:38:23+00:00,51.648662,0.056638,6585477599.gpx
248,2021-11-01 12:38:25+00:00,51.648601,0.056587,6585477599.gpx
249,2021-11-01 12:38:26+00:00,51.648571,0.056538,6585477599.gpx
250,2021-11-01 12:38:28+00:00,51.648525,0.05648,6585477599.gpx
251,2021-11-01 12:38:30+00:00,51.648479,0.056434,6585477599.gpx
252,2021-11-01 12:38:32+00:00,51.648414,0.056397,6585477599.gpx
253,2021-11-01 12:38:34+00:00,51.648345,0.056385,6585477599.gpx
254,2021-11-01 12:38:36+00:00,51.6483,0.056307,6585477599.gpx
255,2021-11-01 12:38:38+00:00,51.6483,0.056205,6585477599.gpx
256,2021-11-01 12:38:40+00:00,51.648258,0.056131,6585477599.gpx
257,2021-11-01 12:38:42+00:00,51.648197,0.056081,6585477599.gpx
258,2021-11-01 12:38:44+00:00,51.648136,0.056043,6585477599.gpx
259,2021-11-01 12:38:46+00:00,51.64809,0.056004,6585477599.gpx
260,2021-11-01 12:38:48+00:00,51.648044,0.055972,6585477599.gpx
261,2021-11-01 12:38:50+00:00,51.647998,0.055871,6585477599.gpx
262,2021-11-01 12:38:52+00:00,51.647937,0.055853,6585477599.gpx
263,2021-11-01 12:38:54+00:00,51.647884,0.055803,6585477599.gpx
264,2021-11-01 12:38:56+00:00,51.647823,0.055751,6585477599.gpx
265,2021-11-01 12:38:58+00:00,51.647769,0.05572,6585477599.gpx
266,2021-11-01 12:39:00+00:00,51.64772,0.055688,6585477599.gpx
267,2021-11-01 12:39:02+00:00,51.647651,0.055653,6585477599.gpx
268,2021-11-01 12:39:04+00:00,51.647624,0.055586,6585477599.gpx
269,2021-11-01 12:39:05+00:00,51.64759,0.055533,6585477599.gpx
270,2021-11-01 12:39:07+00:00,51.647533,0.055487,6585477599.gpx
271,2021-11-01 12:39:09+00:00,51.64748,0.055441,6585477599.gpx
272,2021-11-01 12:39:11+00:00,51.647441,0.055371,6585477599.gpx
273,2021-11-01 12:39:13+00:00,51.647384,0.055329,6585477599.gpx
274,2021-11-01 12:39:15+00:00,51.647335,0.055266,6585477599.gpx
275,2021-11-01 12:39:17+00:00,51.647281,0.05522,6585477599.gpx
276,2021-11-01 12:39:19+00:00,51.647228,0.055183,6585477599.gpx
277,2021-11-01 12:39:21+00:00,51.647178,0.055121,6585477599.gpx
278,2021-11-01 12:39:23+00:00,51.647136,0.055055,6585477599.gpx
279,2021-11-01 12:39:25+00:00,51.647098,0.054986,6585477599.gpx
280,2021-11-01 12:39:27+00:00,51.64706,0.054917,6585477599.gpx
281,2021-11-01 12:39:29+00:00,51.64701,0.054841,6585477599.gpx
282,2021-11-01 12:39:31+00:00,51.646961,0.05478,6585477599.gpx
283,2021-11-01 12:39:33+00:00,51.646911,0.054717,6585477599.gpx
284,2021-11-01 12:39:35+00:00,51.646862,0.054661,6585477599.gpx
285,2021-11-01 12:39:37+00:00,51.646812,0.054593,6585477599.gpx
286,2021-11-01 12:39:39+00:00,51.646762,0.054523,6585477599.gpx
287,2021-11-01 12:39:41+00:00,51.646705,0.054465,6585477599.gpx
288,2021-11-01 12:39:43+00:00,51.646652,0.054422,6585477599.gpx
289,2021-11-01 12:39:45+00:00,51.646602,0.054378,6585477599.gpx
290,2021-11-01 12:39:47+00:00,51.646541,0.054342,6585477599.gpx
291,2021-11-01 12:39:49+00:00,51.646488,0.054281,6585477599.gpx
292,2021-11-01 12:39:51+00:00,51.646434,0.054234,6585477599.gpx
293,2021-11-01 12:39:53+00:00,51.646377,0.05418,6585477599.gpx
294,2021-11-01 12:39:55+00:00,51.646327,0.05413,6585477599.gpx
295,2021-11-01 12:39:57+00:00,51.646274,0.054081,6585477599.gpx
296,2021-11-01 12:39:59+00:00,51.646221,0.054031,6585477599.gpx
297,2021-11-01 12:40:01+00:00,51.646171,0.053961,6585477599.gpx
298,2021-11-01 12:40:03+00:00,51.646099,0.053902,6585477599.gpx
299,2021-11-01 12:40:05+00:00,51.646041,0.053871,6585477599.gpx
300,2021-11-01 12:40:07+00:00,51.645988,0.053827,6585477599.gpx
301,2021-11-01 12:40:09+00:00,51.645935,0.053767,6585477599.gpx
302,2021-11-01 12:40:11+00:00,51.645881,0.053698,6585477599.gpx
303,2021-11-01 12:40:13+00:00,51.645828,0.05364,6585477599.gpx
304,2021-11-01 12:40:15+00:00,51.645778,0.053591,6585477599.gpx
305,2021-11-01 12:40:17+00:00,51.645721,0.053542,6585477599.gpx
306,2021-11-01 12:40:19+00:00,51.645668,0.053475,6585477599.gpx
307,2021-11-01 12:40:21+00:00,51.645599,0.053424,6585477599.gpx
308,2021-11-01 12:40:23+00:00,51.645549,0.053377,6585477599.gpx
309,2021-11-01 12:40:25+00:00,51.645496,0.053333,6585477599.gpx
310,2021-11-01 12:40:27+00:00,51.645442,0.05327,6585477599.gpx
311,2021-11-01 12:40:29+00:00,51.645389,0.053231,6585477599.gpx
312,2021-11-01 12:40:31+00:00,51.645332,0.053174,6585477599.gpx
313,2021-11-01 12:40:33+00:00,51.645278,0.05312,6585477599.gpx
314,2021-11-01 12:40:35+00:00,51.645225,0.053084,6585477599.gpx
315,2021-11-01 12:40:37+00:00,51.645164,0.053039,6585477599.gpx
316,2021-11-01 12:40:39+00:00,51.645122,0.052997,6585477599.gpx
317,2021-11-01 12:40:41+00:00,51.645065,0.052936,6585477599.gpx
318,2021-11-01 12:40:43+00:00,51.645008,0.052899,6585477599.gpx
319,2021-11-01 12:40:45+00:00,51.644954,0.052867,6585477599.gpx
320,2021-11-01 12:40:47+00:00,51.644908,0.052824,6585477599.gpx
321,2021-11-01 12:40:49+00:00,51.644878,0.052739,6585477599.gpx
322,2021-11-01 12:40:51+00:00,51.644813,0.052696,6585477599.gpx
323,2021-11-01 12:40:53+00:00,51.644748,0.052689,6585477599.gpx
324,2021-11-01 12:40:55+00:00,51.644695,0.052695,6585477599.gpx
325,2021-11-01 12:40:57+00:00,51.644634,0.052675,6585477599.gpx
326,2021-11-01 12:40:59+00:00,51.64458,0.0526,6585477599.gpx
327,2021-11-01 12:41:01+00:00,51.644535,0.052552,6585477599.gpx
328,2021-11-01 12:41:03+00:00,51.644481,0.052512,6585477599.gpx
329,2021-11-01 12:41:05+00:00,51.644428,0.052435,6585477599.gpx
330,2021-11-01 12:41:07+00:00,51.644378,0.052401,6585477599.gpx
331,2021-11-01 12:41:09+00:00,51.644317,0.052427,6585477599.gpx
332,2021-11-01 12:41:11+00:00,51.644252,0.052415,6585477599.gpx
333,2021-11-01 12:41:13+00:00,51.644207,0.052361,6585477599.gpx
334,2021-11-01 12:41:15+00:00,51.64418,0.052294,6585477599.gpx
335,2021-11-01 12:41:17+00:00,51.644199,0.052196,6585477599.gpx
336,2021-11-01 12:41:19+00:00,51.644241,0.052138,6585477599.gpx
337,2021-11-01 12:41:21+00:00,51.644199,0.052039,6585477599.gpx
338,2021-11-01 12:41:23+00:00,51.644145,0.05197,6585477599.gpx
339,2021-11-01 12:41:25+00:00,51.6441,0.051901,6585477599.gpx
340,2021-11-01 12:41:27+00:00,51.64405,0.051843,6585477599.gpx
341,2021-11-01 12:41:29+00:00,51.644008,0.051766,6585477599.gpx
342,2021-11-01 12:41:31+00:00,51.64397,0.051688,6585477599.gpx
343,2021-11-01 12:41:33+00:00,51.643928,0.051614,6585477599.gpx
344,2021-11-01 12:41:35+00:00,51.643882,0.051543,6585477599.gpx
345,2021-11-01 12:41:37+00:00,51.643836,0.05147,6585477599.gpx
346,2021-11-01 12:41:39+00:00,51.643783,0.051401,6585477599.gpx
347,2021-11-01 12:41:41+00:00,51.643733,0.051333,6585477599.gpx
348,2021-11-01 12:41:43+00:00,51.643688,0.051255,6585477599.gpx
349,2021-11-01 12:41:45+00:00,51.643646,0.051181,6585477599.gpx
350,2021-11-01 12:41:47+00:00,51.6436,0.051096,6585477599.gpx
351,2021-11-01 12:41:49+00:00,51.643558,0.051024,6585477599.gpx
352,2021-11-01 12:41:51+00:00,51.643512,0.050943,6585477599.gpx
353,2021-11-01 12:41:53+00:00,51.643478,0.050865,6585477599.gpx
354,2021-11-01 12:41:55+00:00,51.643428,0.050794,6585477599.gpx
355,2021-11-01 12:41:57+00:00,51.643383,0.050722,6585477599.gpx
356,2021-11-01 12:41:59+00:00,51.643344,0.050648,6585477599.gpx
357,2021-11-01 12:42:01+00:00,51.643299,0.050598,6585477599.gpx
358,2021-11-01 12:42:03+00:00,51.643253,0.050515,6585477599.gpx
359,2021-11-01 12:42:05+00:00,51.643207,0.050448,6585477599.gpx
360,2021-11-01 12:42:07+00:00,51.643161,0.050387,6585477599.gpx
361,2021-11-01 12:42:09+00:00,51.643115,0.050316,6585477599.gpx
362,2021-11-01 12:42:11+00:00,51.64307,0.050241,6585477599.gpx
363,2021-11-01 12:42:13+00:00,51.643016,0.050183,6585477599.gpx
364,2021-11-01 12:42:15+00:00,51.642971,0.050133,6585477599.gpx
365,2021-11-01 12:42:17+00:00,51.642917,0.050075,6585477599.gpx
366,2021-11-01 12:42:19+00:00,51.642871,0.050013,6585477599.gpx
367,2021-11-01 12:42:21+00:00,51.642822,0.049954,6585477599.gpx
368,2021-11-01 12:42:23+00:00,51.642768,0.049906,6585477599.gpx
369,2021-11-01 12:42:25+00:00,51.642719,0.049854,6585477599.gpx
370,2021-11-01 12:42:27+00:00,51.642669,0.049795,6585477599.gpx
371,2021-11-01 12:42:29+00:00,51.642623,0.049725,6585477599.gpx
372,2021-11-01 12:42:31+00:00,51.642566,0.049672,6585477599.gpx
373,2021-11-01 12:42:33+00:00,51.642517,0.049611,6585477599.gpx
374,2021-11-01 12:42:35+00:00,51.642467,0.049553,6585477599.gpx
375,2021-11-01 12:42:37+00:00,51.642417,0.049489,6585477599.gpx
376,2021-11-01 12:42:39+00:00,51.642368,0.049426,6585477599.gpx
377,2021-11-01 12:42:41+00:00,51.642318,0.049369,6585477599.gpx
378,2021-11-01 12:42:43+00:00,51.642265,0.049309,6585477599.gpx
379,2021-11-01 12:42:45+00:00,51.642219,0.049243,6585477599.gpx
380,2021-11-01 12:42:47+00:00,51.642166,0.049184,6585477599.gpx
381,2021-11-01 12:42:49+00:00,51.64212,0.049112,6585477599.gpx
382,2021-11-01 12:42:51+00:00,51.642074,0.04905,6585477599.gpx
383,2021-11-01 12:42:53+00:00,51.642024,0.049007,6585477599.gpx
384,2021-11-01 12:42:55+00:00,51.64196,0.048965,6585477599.gpx
385,2021-11-01 12:42:57+00:00,51.641918,0.048894,6585477599.gpx
386,2021-11-01 12:42:59+00:00,51.641868,0.048832,6585477599.gpx
387,2021-11-01 12:43:01+00:00,51.641822,0.048763,6585477599.gpx
388,2021-11-01 12:43:03+00:00,51.64178,0.048688,6585477599.gpx
389,2021-11-01 12:43:05+00:00,51.641738,0.048618,6585477599.gpx
390,2021-11-01 12:43:07+00:00,51.641696,0.048552,6585477599.gpx
391,2021-11-01 12:43:09+00:00,51.641662,0.048475,6585477599.gpx
392,2021-11-01 12:43:11+00:00,51.64162,0.04839,6585477599.gpx
393,2021-11-01 12:43:13+00:00,51.641582,0.048314,6585477599.gpx
394,2021-11-01 12:43:15+00:00,51.641544,0.04824,6585477599.gpx
395,2021-11-01 12:43:17+00:00,51.641506,0.048158,6585477599.gpx
396,2021-11-01 12:43:19+00:00,51.641475,0.048077,6585477599.gpx
397,2021-11-01 12:43:21+00:00,51.641441,0.047998,6585477599.gpx
398,2021-11-01 12:43:23+00:00,51.641403,0.047917,6585477599.gpx
399,2021-11-01 12:43:25+00:00,51.641365,0.047837,6585477599.gpx
400,2021-11-01 12:43:27+00:00,51.641334,0.047754,6585477599.gpx
401,2021-11-01 12:43:29+00:00,51.6413,0.047689,6585477599.gpx
402,2021-11-01 12:43:31+00:00,51.641262,0.047619,6585477599.gpx
403,2021-11-01 12:43:33+00:00,51.641231,0.047524,6585477599.gpx
404,2021-11-01 12:43:35+00:00,51.641193,0.047443,6585477599.gpx
405,2021-11-01 12:43:37+00:00,51.641166,0.047348,6585477599.gpx
406,2021-11-01 12:43:39+00:00,51.641136,0.047272,6585477599.gpx
407,2021-11-01 12:43:41+00:00,51.641101,0.047191,6585477599.gpx
408,2021-11-01 12:43:43+00:00,51.641067,0.047102,6585477599.gpx
409,2021-11-01 12:43:45+00:00,51.641036,0.047014,6585477599.gpx
410,2021-11-01 12:43:47+00:00,51.641006,0.046925,6585477599.gpx
411,2021-11-01 12:43:49+00:00,51.640968,0.04684,6585477599.gpx
412,2021-11-01 12:43:51+00:00,51.640933,0.046747,6585477599.gpx
413,2021-11-01 12:43:53+00:00,51.640907,0.046649,6585477599.gpx
414,2021-11-01 12:43:55+00:00,51.64088,0.046557,6585477599.gpx
415,2021-11-01 12:43:57+00:00,51.640842,0.046478,6585477599.gpx
416,2021-11-01 12:43:59+00:00,51.640811,0.046388,6585477599.gpx
417,2021-11-01 12:44:01+00:00,51.640781,0.046296,6585477599.gpx
418,2021-11-01 12:44:03+00:00,51.64075,0.04621,6585477599.gpx
419,2021-11-01 12:44:05+00:00,51.640724,0.046113,6585477599.gpx
420,2021-11-01 12:44:07+00:00,51.640701,0.046027,6585477599.gpx
421,2021-11-01 12:44:09+00:00,51.640674,0.045943,6585477599.gpx
422,2021-11-01 12:44:11+00:00,51.640647,0.045854,6585477599.gpx
423,2021-11-01 12:44:13+00:00,51.640609,0.045774,6585477599.gpx
424,2021-11-01 12:44:15+00:00,51.640586,0.045684,6585477599.gpx
425,2021-11-01 12:44:17+00:00,51.640552,0.045616,6585477599.gpx
426,2021-11-01 12:44:19+00:00,51.640506,0.045552,6585477599.gpx
427,2021-11-01 12:44:21+00:00,51.640468,0.045469,6585477599.gpx
428,2021-11-01 12:44:23+00:00,51.640464,0.045364,6585477599.gpx
429,2021-11-01 12:44:25+00:00,51.64046,0.045274,6585477599.gpx
430,2021-11-01 12:44:27+00:00,51.640426,0.045186,6585477599.gpx
431,2021-11-01 12:44:29+00:00,51.640399,0.045093,6585477599.gpx
432,2021-11-01 12:44:31+00:00,51.640361,0.045007,6585477599.gpx
433,2021-11-01 12:44:33+00:00,51.640331,0.044919,6585477599.gpx
434,2021-11-01 12:44:35+00:00,51.640308,0.044842,6585477599.gpx
435,2021-11-01 12:44:37+00:00,51.640266,0.044752,6585477599.gpx
436,2021-11-01 12:44:39+00:00,51.640228,0.044664,6585477599.gpx
437,2021-11-01 12:44:41+00:00,51.640197,0.044585,6585477599.gpx
438,2021-11-01 12:44:43+00:00,51.640167,0.044494,6585477599.gpx
439,2021-11-01 12:44:45+00:00,51.640144,0.044395,6585477599.gpx
440,2021-11-01 12:44:47+00:00,51.640113,0.044313,6585477599.gpx
441,2021-11-01 12:44:49+00:00,51.640079,0.044236,6585477599.gpx
442,2021-11-01 12:44:51+00:00,51.640041,0.044154,6585477599.gpx
443,2021-11-01 12:44:53+00:00,51.640003,0.044085,6585477599.gpx
444,2021-11-01 12:44:55+00:00,51.639968,0.044005,6585477599.gpx
445,2021-11-01 12:44:57+00:00,51.639926,0.043922,6585477599.gpx
446,2021-11-01 12:44:59+00:00,51.639904,0.043847,6585477599.gpx
447,2021-11-01 12:45:01+00:00,51.639865,0.043773,6585477599.gpx
448,2021-11-01 12:45:03+00:00,51.639823,0.043706,6585477599.gpx
449,2021-11-01 12:45:05+00:00,51.639778,0.043647,6585477599.gpx
450,2021-11-01 12:45:07+00:00,51.639736,0.043571,6585477599.gpx
451,2021-11-01 12:45:09+00:00,51.639686,0.043497,6585477599.gpx
452,2021-11-01 12:45:11+00:00,51.639636,0.043421,6585477599.gpx
453,2021-11-01 12:45:13+00:00,51.639587,0.043369,6585477599.gpx
454,2021-11-01 12:45:15+00:00,51.639537,0.043304,6585477599.gpx
455,2021-11-01 12:45:17+00:00,51.639495,0.043235,6585477599.gpx
456,2021-11-01 12:45:19+00:00,51.63945,0.043155,6585477599.gpx
457,2021-11-01 12:45:21+00:00,51.639408,0.043076,6585477599.gpx
458,2021-11-01 12:45:23+00:00,51.639362,0.043004,6585477599.gpx
459,2021-11-01 12:45:25+00:00,51.639308,0.042948,6585477599.gpx
460,2021-11-01 12:45:27+00:00,51.639259,0.04288,6585477599.gpx
461,2021-11-01 12:45:29+00:00,51.639205,0.042825,6585477599.gpx
462,2021-11-01 12:45:31+00:00,51.639156,0.042775,6585477599.gpx
463,2021-11-01 12:45:33+00:00,51.639102,0.04272,6585477599.gpx
464,2021-11-01 12:45:35+00:00,51.639057,0.042657,6585477599.gpx
465,2021-11-01 12:45:37+00:00,51.639003,0.04261,6585477599.gpx
466,2021-11-01 12:45:39+00:00,51.638946,0.042558,6585477599.gpx
467,2021-11-01 12:45:41+00:00,51.638893,0.042491,6585477599.gpx
468,2021-11-01 12:45:43+00:00,51.638843,0.042437,6585477599.gpx
469,2021-11-01 12:45:45+00:00,51.63879,0.042374,6585477599.gpx
470,2021-11-01 12:45:47+00:00,51.63874,0.042316,6585477599.gpx
471,2021-11-01 12:45:49+00:00,51.638683,0.042263,6585477599.gpx
472,2021-11-01 12:45:51+00:00,51.638626,0.042211,6585477599.gpx
473,2021-11-01 12:45:53+00:00,51.638576,0.042157,6585477599.gpx
474,2021-11-01 12:45:55+00:00,51.638515,0.042111,6585477599.gpx
475,2021-11-01 12:45:57+00:00,51.638473,0.042048,6585477599.gpx
476,2021-11-01 12:45:59+00:00,51.638412,0.042001,6585477599.gpx
477,2021-11-01 12:46:01+00:00,51.638359,0.041949,6585477599.gpx
478,2021-11-01 12:46:03+00:00,51.638313,0.04189,6585477599.gpx
479,2021-11-01 12:46:05+00:00,51.638256,0.041833,6585477599.gpx
480,2021-11-01 12:46:07+00:00,51.638206,0.041783,6585477599.gpx
481,2021-11-01 12:46:09+00:00,51.638156,0.041733,6585477599.gpx
482,2021-11-01 12:46:11+00:00,51.638099,0.041685,6585477599.gpx
483,2021-11-01 12:46:13+00:00,51.638046,0.041641,6585477599.gpx
484,2021-11-01 12:46:15+00:00,51.637992,0.041589,6585477599.gpx
485,2021-11-01 12:46:17+00:00,51.637939,0.041535,6585477599.gpx
486,2021-11-01 12:46:19+00:00,51.637886,0.04149,6585477599.gpx
487,2021-11-01 12:46:21+00:00,51.637832,0.04145,6585477599.gpx
488,2021-11-01 12:46:23+00:00,51.637775,0.041403,6585477599.gpx
489,2021-11-01 12:46:25+00:00,51.637718,0.041354,6585477599.gpx
490,2021-11-01 12:46:27+00:00,51.637676,0.041293,6585477599.gpx
491,2021-11-01 12:46:29+00:00,51.637626,0.041253,6585477599.gpx
492,2021-11-01 12:46:31+00:00,51.637577,0.041198,6585477599.gpx
493,2021-11-01 12:46:33+00:00,51.637519,0.041148,6585477599.gpx
494,2021-11-01 12:46:35+00:00,51.637466,0.041106,6585477599.gpx
495,2021-11-01 12:46:37+00:00,51.637413,0.041056,6585477599.gpx
496,2021-11-01 12:46:39+00:00,51.637359,0.040997,6585477599.gpx
497,2021-11-01 12:46:41+00:00,51.637302,0.040949,6585477599.gpx
498,2021-11-01 12:46:43+00:00,51.637252,0.040917,6585477599.gpx
499,2021-11-01 12:46:45+00:00,51.637203,0.040885,6585477599.gpx
500,2021-11-01 12:46:47+00:00,51.637161,0.040827,6585477599.gpx
501,2021-11-01 12:46:49+00:00,51.637111,0.040777,6585477599.gpx
502,2021-11-01 12:46:51+00:00,51.637081,0.040712,6585477599.gpx
503,2021-11-01 12:46:53+00:00,51.637027,0.04066,6585477599.gpx
504,2021-11-01 12:46:55+00:00,51.63697,0.040616,6585477599.gpx
505,2021-11-01 12:46:57+00:00,51.63692,0.040577,6585477599.gpx
506,2021-11-01 12:46:59+00:00,51.636875,0.040534,6585477599.gpx
507,2021-11-01 12:47:01+00:00,51.636825,0.040485,6585477599.gpx
508,2021-11-01 12:47:03+00:00,51.636779,0.040445,6585477599.gpx
509,2021-11-01 12:47:05+00:00,51.63673,0.040404,6585477599.gpx
510,2021-11-01 12:47:07+00:00,51.636676,0.040366,6585477599.gpx
511,2021-11-01 12:47:09+00:00,51.636619,0.040324,6585477599.gpx
512,2021-11-01 12:47:11+00:00,51.636566,0.040286,6585477599.gpx
513,2021-11-01 12:47:13+00:00,51.636516,0.040239,6585477599.gpx
514,2021-11-01 12:47:15+00:00,51.636466,0.040198,6585477599.gpx
515,2021-11-01 12:47:17+00:00,51.636417,0.040168,6585477599.gpx
516,2021-11-01 12:47:19+00:00,51.636363,0.04013,6585477599.gpx
517,2021-11-01 12:47:21+00:00,51.636318,0.040089,6585477599.gpx
518,2021-11-01 12:47:23+00:00,51.636268,0.040061,6585477599.gpx
519,2021-11-01 12:47:25+00:00,51.636226,0.040015,6585477599.gpx
520,2021-11-01 12:47:28+00:00,51.63618,0.040004,6585477599.gpx
521,2021-11-01 12:47:30+00:00,51.636138,0.039971,6585477599.gpx
522,2021-11-01 12:47:32+00:00,51.636085,0.039925,6585477599.gpx
523,2021-11-01 12:47:34+00:00,51.636032,0.039879,6585477599.gpx
524,2021-11-01 12:47:36+00:00,51.635978,0.039814,6585477599.gpx
525,2021-11-01 12:47:38+00:00,51.635921,0.039785,6585477599.gpx
526,2021-11-01 12:47:40+00:00,51.63586,0.039729,6585477599.gpx
527,2021-11-01 12:47:42+00:00,51.63581,0.039691,6585477599.gpx
528,2021-11-01 12:47:44+00:00,51.635757,0.039638,6585477599.gpx
529,2021-11-01 12:47:46+00:00,51.635704,0.039603,6585477599.gpx
530,2021-11-01 12:47:48+00:00,51.63565,0.039568,6585477599.gpx
531,2021-11-01 12:47:50+00:00,51.635597,0.039524,6585477599.gpx
532,2021-11-01 12:47:52+00:00,51.635543,0.03948,6585477599.gpx
533,2021-11-01 12:47:54+00:00,51.63549,0.039446,6585477599.gpx
534,2021-11-01 12:47:56+00:00,51.635444,0.039405,6585477599.gpx
535,2021-11-01 12:47:58+00:00,51.635398,0.039373,6585477599.gpx
536,2021-11-01 12:48:00+00:00,51.635345,0.03933,6585477599.gpx
537,2021-11-01 12:48:02+00:00,51.635299,0.039304,6585477599.gpx
538,2021-11-01 12:48:04+00:00,51.63525,0.039272,6585477599.gpx
539,2021-11-01 12:48:06+00:00,51.635204,0.039245,6585477599.gpx
540,2021-11-01 12:48:09+00:00,51.635135,0.039183,6585477599.gpx
541,2021-11-01 12:48:11+00:00,51.635089,0.039159,6585477599.gpx
542,2021-11-01 12:48:13+00:00,51.63504,0.039113,6585477599.gpx
543,2021-11-01 12:48:15+00:00,51.634998,0.039082,6585477599.gpx
544,2021-11-01 12:48:17+00:00,51.634956,0.039047,6585477599.gpx
545,2021-11-01 12:48:19+00:00,51.63491,0.039011,6585477599.gpx
546,2021-11-01 12:48:21+00:00,51.634872,0.03897,6585477599.gpx
547,2021-11-01 12:48:23+00:00,51.63483,0.038939,6585477599.gpx
548,2021-11-01 12:48:25+00:00,51.634777,0.038894,6585477599.gpx
549,2021-11-01 12:48:27+00:00,51.634723,0.03886,6585477599.gpx
550,2021-11-01 12:48:29+00:00,51.634681,0.038818,6585477599.gpx
551,2021-11-01 12:48:32+00:00,51.634624,0.03877,6585477599.gpx
552,2021-11-01 12:48:34+00:00,51.634574,0.038745,6585477599.gpx
553,2021-11-01 12:48:36+00:00,51.634529,0.038716,6585477599.gpx
554,2021-11-01 12:48:38+00:00,51.634483,0.038692,6585477599.gpx
555,2021-11-01 12:48:40+00:00,51.634441,0.038657,6585477599.gpx
556,2021-11-01 12:48:42+00:00,51.634391,0.038618,6585477599.gpx
557,2021-11-01 12:48:44+00:00,51.634346,0.038572,6585477599.gpx
558,2021-11-01 12:48:46+00:00,51.634296,0.038537,6585477599.gpx
559,2021-11-01 12:48:48+00:00,51.63425,0.0385,6585477599.gpx
560,2021-11-01 12:48:50+00:00,51.634201,0.038468,6585477599.gpx
561,2021-11-01 12:48:53+00:00,51.634136,0.038419,6585477599.gpx
562,2021-11-01 12:48:55+00:00,51.634094,0.038386,6585477599.gpx
563,2021-11-01 12:48:57+00:00,51.634048,0.038348,6585477599.gpx
564,2021-11-01 12:48:59+00:00,51.634006,0.038315,6585477599.gpx
565,2021-11-01 12:49:01+00:00,51.63396,0.038275,6585477599.gpx
566,2021-11-01 12:49:03+00:00,51.633918,0.038232,6585477599.gpx
567,2021-11-01 12:49:05+00:00,51.633869,0.038205,6585477599.gpx
568,2021-11-01 12:49:07+00:00,51.633815,0.038179,6585477599.gpx
569,2021-11-01 12:49:09+00:00,51.633769,0.038138,6585477599.gpx
570,2021-11-01 12:49:11+00:00,51.63372,0.038114,6585477599.gpx
571,2021-11-01 12:49:13+00:00,51.633674,0.038095,6585477599.gpx
572,2021-11-01 12:49:15+00:00,51.633625,0.038052,6585477599.gpx
573,2021-11-01 12:49:17+00:00,51.633586,0.03798,6585477599.gpx
574,2021-11-01 12:49:19+00:00,51.633544,0.037937,6585477599.gpx
575,2021-11-01 12:49:21+00:00,51.633499,0.037895,6585477599.gpx
576,2021-11-01 12:49:23+00:00,51.633445,0.037851,6585477599.gpx
577,2021-11-01 12:49:25+00:00,51.633399,0.037756,6585477599.gpx
578,2021-11-01 12:49:27+00:00,51.633354,0.037747,6585477599.gpx
579,2021-11-01 12:49:30+00:00,51.633293,0.037722,6585477599.gpx
580,2021-11-01 12:49:32+00:00,51.633243,0.037706,6585477599.gpx
581,2021-11-01 12:49:34+00:00,51.633186,0.03768,6585477599.gpx
582,2021-11-01 12:49:37+00:00,51.633125,0.037643,6585477599.gpx
583,2021-11-01 12:49:39+00:00,51.633083,0.037581,6585477599.gpx
584,2021-11-01 12:49:41+00:00,51.633033,0.037542,6585477599.gpx
585,2021-11-01 12:49:43+00:00,51.632984,0.037516,6585477599.gpx
586,2021-11-01 12:49:45+00:00,51.632934,0.037471,6585477599.gpx
587,2021-11-01 12:49:48+00:00,51.632877,0.037414,6585477599.gpx
588,2021-11-01 12:49:50+00:00,51.632831,0.037395,6585477599.gpx
589,2021-11-01 12:49:52+00:00,51.632778,0.037371,6585477599.gpx
590,2021-11-01 12:49:54+00:00,51.632736,0.037311,6585477599.gpx
591,2021-11-01 12:49:57+00:00,51.632682,0.037248,6585477599.gpx
592,2021-11-01 12:49:59+00:00,51.632625,0.037256,6585477599.gpx
593,2021-11-01 12:50:01+00:00,51.632575,0.037218,6585477599.gpx
594,2021-11-01 12:50:03+00:00,51.632522,0.037214,6585477599.gpx
595,2021-11-01 12:50:05+00:00,51.63248,0.037125,6585477599.gpx
596,2021-11-01 12:50:08+00:00,51.632427,0.037079,6585477599.gpx
597,2021-11-01 12:50:10+00:00,51.632381,0.037064,6585477599.gpx
598,2021-11-01 12:50:12+00:00,51.632331,0.03702,6585477599.gpx
599,2021-11-01 12:50:14+00:00,51.632282,0.036967,6585477599.gpx
600,2021-11-01 12:50:17+00:00,51.632232,0.03693,6585477599.gpx
601,2021-11-01 12:50:19+00:00,51.63219,0.036892,6585477599.gpx
602,2021-11-01 12:50:21+00:00,51.632148,0.03686,6585477599.gpx
603,2021-11-01 12:50:23+00:00,51.632102,0.036832,6585477599.gpx
604,2021-11-01 12:50:25+00:00,51.632053,0.036816,6585477599.gpx
605,2021-11-01 12:50:27+00:00,51.631999,0.036787,6585477599.gpx
606,2021-11-01 12:50:28+00:00,51.631999,0.036695,6585477599.gpx
607,2021-11-01 12:50:31+00:00,51.631935,0.036664,6585477599.gpx
608,2021-11-01 12:50:33+00:00,51.631874,0.036669,6585477599.gpx
609,2021-11-01 12:50:35+00:00,51.631816,0.036649,6585477599.gpx
610,2021-11-01 12:50:37+00:00,51.631767,0.036618,6585477599.gpx
611,2021-11-01 12:50:39+00:00,51.631732,0.036549,6585477599.gpx
612,2021-11-01 12:50:41+00:00,51.631687,0.036551,6585477599.gpx
613,2021-11-01 12:50:43+00:00,51.631641,0.0365,6585477599.gpx
614,2021-11-01 12:50:45+00:00,51.631595,0.036456,6585477599.gpx
615,2021-11-01 12:50:47+00:00,51.631546,0.036417,6585477599.gpx
616,2021-11-01 12:50:49+00:00,51.631496,0.03639,6585477599.gpx
617,2021-11-01 12:50:51+00:00,51.631439,0.036357,6585477599.gpx
618,2021-11-01 12:50:53+00:00,51.631401,0.036317,6585477599.gpx
619,2021-11-01 12:50:55+00:00,51.631351,0.036289,6585477599.gpx
620,2021-11-01 12:50:57+00:00,51.631298,0.036272,6585477599.gpx
621,2021-11-01 12:50:59+00:00,51.631252,0.036223,6585477599.gpx
622,2021-11-01 12:51:01+00:00,51.631195,0.036175,6585477599.gpx
623,2021-11-01 12:51:03+00:00,51.631149,0.036139,6585477599.gpx
624,2021-11-01 12:51:05+00:00,51.631099,0.036099,6585477599.gpx
625,2021-11-01 12:51:07+00:00,51.631053,0.036069,6585477599.gpx
626,2021-11-01 12:51:09+00:00,51.631,0.036008,6585477599.gpx
627,2021-11-01 12:51:11+00:00,51.630954,0.035965,6585477599.gpx
628,2021-11-01 12:51:13+00:00,51.630897,0.035933,6585477599.gpx
629,2021-11-01 12:51:15+00:00,51.63084,0.035908,6585477599.gpx
630,2021-11-01 12:51:17+00:00,51.630802,0.035824,6585477599.gpx
631,2021-11-01 12:51:19+00:00,51.630752,0.035793,6585477599.gpx
632,2021-11-01 12:51:21+00:00,51.630702,0.035746,6585477599.gpx
633,2021-11-01 12:51:23+00:00,51.630649,0.035706,6585477599.gpx
634,2021-11-01 12:51:25+00:00,51.630596,0.035664,6585477599.gpx
635,2021-11-01 12:51:27+00:00,51.630546,0.035623,6585477599.gpx
636,2021-11-01 12:51:29+00:00,51.630496,0.035581,6585477599.gpx
637,2021-11-01 12:51:31+00:00,51.630451,0.035536,6585477599.gpx
638,2021-11-01 12:51:33+00:00,51.630401,0.035495,6585477599.gpx
639,2021-11-01 12:51:35+00:00,51.630352,0.035451,6585477599.gpx
640,2021-11-01 12:51:37+00:00,51.63031,0.035407,6585477599.gpx
641,2021-11-01 12:51:39+00:00,51.630256,0.035356,6585477599.gpx
642,2021-11-01 12:51:41+00:00,51.630207,0.03532,6585477599.gpx
643,2021-11-01 12:51:43+00:00,51.630153,0.035294,6585477599.gpx
644,2021-11-01 12:51:45+00:00,51.630107,0.03525,6585477599.gpx
645,2021-11-01 12:51:47+00:00,51.630077,0.035184,6585477599.gpx
646,2021-11-01 12:51:49+00:00,51.63002,0.035158,6585477599.gpx
647,2021-11-01 12:51:51+00:00,51.62997,0.035136,6585477599.gpx
648,2021-11-01 12:51:53+00:00,51.62992,0.035096,6585477599.gpx
649,2021-11-01 12:51:55+00:00,51.629871,0.035061,6585477599.gpx
650,2021-11-01 12:51:57+00:00,51.629814,0.03502,6585477599.gpx
651,2021-11-01 12:51:59+00:00,51.62976,0.034977,6585477599.gpx
652,2021-11-01 12:52:01+00:00,51.629722,0.034937,6585477599.gpx
653,2021-11-01 12:52:03+00:00,51.629669,0.034899,6585477599.gpx
654,2021-11-01 12:52:05+00:00,51.629615,0.034865,6585477599.gpx
655,2021-11-01 12:52:07+00:00,51.62957,0.034815,6585477599.gpx
656,2021-11-01 12:52:09+00:00,51.629512,0.034778,6585477599.gpx
657,2021-11-01 12:52:11+00:00,51.629463,0.034731,6585477599.gpx
658,2021-11-01 12:52:14+00:00,51.629402,0.034689,6585477599.gpx
659,2021-11-01 12:52:16+00:00,51.629344,0.034645,6585477599.gpx
660,2021-11-01 12:52:18+00:00,51.629299,0.034603,6585477599.gpx
661,2021-11-01 12:52:20+00:00,51.629238,0.034551,6585477599.gpx
662,2021-11-01 12:52:22+00:00,51.629192,0.034503,6585477599.gpx
663,2021-11-01 12:52:24+00:00,51.629142,0.034454,6585477599.gpx
664,2021-11-01 12:52:26+00:00,51.629104,0.0344,6585477599.gpx
665,2021-11-01 12:52:28+00:00,51.629047,0.034369,6585477599.gpx
666,2021-11-01 12:52:30+00:00,51.628997,0.034331,6585477599.gpx
667,2021-11-01 12:52:32+00:00,51.628948,0.034283,6585477599.gpx
668,2021-11-01 12:52:34+00:00,51.628894,0.03426,6585477599.gpx
669,2021-11-01 12:52:36+00:00,51.628837,0.034233,6585477599.gpx
670,2021-11-01 12:52:38+00:00,51.628791,0.034185,6585477599.gpx
671,2021-11-01 12:52:40+00:00,51.628738,0.03414,6585477599.gpx
672,2021-11-01 12:52:42+00:00,51.628688,0.034102,6585477599.gpx
673,2021-11-01 12:52:44+00:00,51.628612,0.03407,6585477599.gpx
674,2021-11-01 12:52:47+00:00,51.628559,0.034037,6585477599.gpx
675,2021-11-01 12:52:49+00:00,51.628505,0.034003,6585477599.gpx
676,2021-11-01 12:52:51+00:00,51.628456,0.033977,6585477599.gpx
677,2021-11-01 12:52:53+00:00,51.628402,0.033962,6585477599.gpx
678,2021-11-01 12:52:55+00:00,51.628353,0.03394,6585477599.gpx
679,2021-11-01 12:52:57+00:00,51.628303,0.033897,6585477599.gpx
680,2021-11-01 12:52:59+00:00,51.628261,0.033861,6585477599.gpx
681,2021-11-01 12:53:02+00:00,51.628192,0.033831,6585477599.gpx
682,2021-11-01 12:53:04+00:00,51.628147,0.03386,6585477599.gpx
683,2021-11-01 12:53:06+00:00,51.628093,0.033809,6585477599.gpx
684,2021-11-01 12:53:08+00:00,51.628055,0.033741,6585477599.gpx
685,2021-11-01 12:53:11+00:00,51.62799,0.033708,6585477599.gpx
686,2021-11-01 12:53:13+00:00,51.627948,0.033681,6585477599.gpx
687,2021-11-01 12:53:15+00:00,51.627891,0.033686,6585477599.gpx
688,2021-11-01 12:53:17+00:00,51.627845,0.033648,6585477599.gpx
689,2021-11-01 12:53:19+00:00,51.627792,0.033616,6585477599.gpx
690,2021-11-01 12:53:21+00:00,51.627746,0.03356,6585477599.gpx
691,2021-11-01 12:53:23+00:00,51.627693,0.033525,6585477599.gpx
692,2021-11-01 12:53:25+00:00,51.627647,0.033496,6585477599.gpx
693,2021-11-01 12:53:27+00:00,51.62759,0.033462,6585477599.gpx
694,2021-11-01 12:53:29+00:00,51.627536,0.03342,6585477599.gpx
695,2021-11-01 12:53:31+00:00,51.627479,0.033394,6585477599.gpx
696,2021-11-01 12:53:33+00:00,51.627429,0.033373,6585477599.gpx
697,2021-11-01 12:53:35+00:00,51.627388,0.033347,6585477599.gpx
698,2021-11-01 12:53:37+00:00,51.62733,0.033314,6585477599.gpx
699,2021-11-01 12:53:39+00:00,51.627277,0.033285,6585477599.gpx
700,2021-11-01 12:53:41+00:00,51.627216,0.033257,6585477599.gpx
701,2021-11-01 12:53:43+00:00,51.627166,0.033234,6585477599.gpx
702,2021-11-01 12:53:45+00:00,51.62712,0.033199,6585477599.gpx
703,2021-11-01 12:53:47+00:00,51.627067,0.033172,6585477599.gpx
704,2021-11-01 12:53:50+00:00,51.62701,0.033167,6585477599.gpx
705,2021-11-01 12:53:52+00:00,51.627002,0.033253,6585477599.gpx
706,2021-11-01 12:53:54+00:00,51.62701,0.033341,6585477599.gpx
707,2021-11-01 12:53:57+00:00,51.626945,0.033371,6585477599.gpx
708,2021-11-01 12:53:59+00:00,51.626899,0.033315,6585477599.gpx
709,2021-11-01 12:54:01+00:00,51.626895,0.033219,6585477599.gpx
710,2021-11-01 12:54:03+00:00,51.62688,0.033129,6585477599.gpx
711,2021-11-01 12:54:05+00:00,51.626861,0.033047,6585477599.gpx
712,2021-11-01 12:54:08+00:00,51.626808,0.032971,6585477599.gpx
713,2021-11-01 12:54:10+00:00,51.626743,0.032935,6585477599.gpx
714,2021-11-01 12:54:12+00:00,51.626697,0.032937,6585477599.gpx
715,2021-11-01 12:54:14+00:00,51.626651,0.032881,6585477599.gpx
716,2021-11-01 12:54:16+00:00,51.626602,0.032828,6585477599.gpx
717,2021-11-01 12:54:18+00:00,51.626548,0.032836,6585477599.gpx
718,2021-11-01 12:54:20+00:00,51.626491,0.03282,6585477599.gpx
719,2021-11-01 12:54:22+00:00,51.626445,0.032768,6585477599.gpx
720,2021-11-01 12:54:24+00:00,51.626399,0.032725,6585477599.gpx
721,2021-11-01 12:54:26+00:00,51.626365,0.032655,6585477599.gpx
722,2021-11-01 12:54:28+00:00,51.626323,0.032606,6585477599.gpx
723,2021-11-01 12:54:30+00:00,51.626277,0.032545,6585477599.gpx
724,2021-11-01 12:54:32+00:00,51.626235,0.03248,6585477599.gpx
725,2021-11-01 12:54:34+00:00,51.626178,0.032445,6585477599.gpx
726,2021-11-01 12:54:36+00:00,51.626121,0.032447,6585477599.gpx
727,2021-11-01 12:54:38+00:00,51.626068,0.032424,6585477599.gpx
728,2021-11-01 12:54:40+00:00,51.626029,0.032332,6585477599.gpx
729,2021-11-01 12:54:42+00:00,51.625976,0.032299,6585477599.gpx
730,2021-11-01 12:54:44+00:00,51.625919,0.032277,6585477599.gpx
731,2021-11-01 12:54:46+00:00,51.625877,0.032233,6585477599.gpx
732,2021-11-01 12:54:48+00:00,51.625831,0.032166,6585477599.gpx
733,2021-11-01 12:54:50+00:00,51.625778,0.032129,6585477599.gpx
734,2021-11-01 12:54:52+00:00,51.625728,0.032088,6585477599.gpx
735,2021-11-01 12:54:54+00:00,51.625675,0.032053,6585477599.gpx
736,2021-11-01 12:54:56+00:00,51.625629,0.032035,6585477599.gpx
737,2021-11-01 12:54:58+00:00,51.625579,0.03203,6585477599.gpx
738,2021-11-01 12:55:01+00:00,51.625518,0.031972,6585477599.gpx
739,2021-11-01 12:55:03+00:00,51.625469,0.031921,6585477599.gpx
740,2021-11-01 12:55:05+00:00,51.625419,0.031865,6585477599.gpx
741,2021-11-01 12:55:07+00:00,51.625366,0.031827,6585477599.gpx
742,2021-11-01 12:55:09+00:00,51.62532,0.031801,6585477599.gpx
743,2021-11-01 12:55:11+00:00,51.625263,0.031752,6585477599.gpx
744,2021-11-01 12:55:13+00:00,51.625209,0.031705,6585477599.gpx
745,2021-11-01 12:55:15+00:00,51.625156,0.031665,6585477599.gpx
746,2021-11-01 12:55:17+00:00,51.625099,0.031655,6585477599.gpx
747,2021-11-01 12:55:19+00:00,51.625053,0.031597,6585477599.gpx
748,2021-11-01 12:55:21+00:00,51.625003,0.031561,6585477599.gpx
749,2021-11-01 12:55:23+00:00,51.62495,0.031525,6585477599.gpx
750,2021-11-01 12:55:25+00:00,51.624893,0.031495,6585477599.gpx
751,2021-11-01 12:55:27+00:00,51.624839,0.031457,6585477599.gpx
752,2021-11-01 12:55:29+00:00,51.62479,0.031413,6585477599.gpx
753,2021-11-01 12:55:31+00:00,51.624736,0.031399,6585477599.gpx
754,2021-11-01 12:55:33+00:00,51.624679,0.031368,6585477599.gpx
755,2021-11-01 12:55:35+00:00,51.624614,0.031334,6585477599.gpx
756,2021-11-01 12:55:37+00:00,51.624561,0.03125,6585477599.gpx
757,2021-11-01 12:55:39+00:00,51.624504,0.031231,6585477599.gpx
758,2021-11-01 12:55:41+00:00,51.624443,0.03117,6585477599.gpx
759,2021-11-01 12:55:43+00:00,51.624389,0.031135,6585477599.gpx
760,2021-11-01 12:55:45+00:00,51.624328,0.031096,6585477599.gpx
761,2021-11-01 12:55:47+00:00,51.624282,0.031047,6585477599.gpx
762,2021-11-01 12:55:49+00:00,51.624225,0.031009,6585477599.gpx
763,2021-11-01 12:55:51+00:00,51.624153,0.030999,6585477599.gpx
764,2021-11-01 12:55:53+00:00,51.624095,0.030961,6585477599.gpx
765,2021-11-01 12:55:55+00:00,51.624034,0.030916,6585477599.gpx
766,2021-11-01 12:55:57+00:00,51.623981,0.030884,6585477599.gpx
767,2021-11-01 12:55:59+00:00,51.623916,0.030849,6585477599.gpx
768,2021-11-01 12:56:01+00:00,51.623855,0.030809,6585477599.gpx
769,2021-11-01 12:56:03+00:00,51.623802,0.030762,6585477599.gpx
770,2021-11-01 12:56:05+00:00,51.623744,0.030721,6585477599.gpx
771,2021-11-01 12:56:07+00:00,51.623683,0.030696,6585477599.gpx
772,2021-11-01 12:56:09+00:00,51.623626,0.030662,6585477599.gpx
773,2021-11-01 12:56:11+00:00,51.623573,0.030615,6585477599.gpx
774,2021-11-01 12:56:13+00:00,51.623519,0.030589,6585477599.gpx
775,2021-11-01 12:56:15+00:00,51.623462,0.030558,6585477599.gpx
776,2021-11-01 12:56:17+00:00,51.623405,0.030527,6585477599.gpx
777,2021-11-01 12:56:19+00:00,51.623352,0.030488,6585477599.gpx
778,2021-11-01 12:56:21+00:00,51.623294,0.030468,6585477599.gpx
779,2021-11-01 12:56:23+00:00,51.623245,0.030443,6585477599.gpx
780,2021-11-01 12:56:24+00:00,51.623191,0.030412,6585477599.gpx
781,2021-11-01 12:56:26+00:00,51.623134,0.030371,6585477599.gpx
782,2021-11-01 12:56:28+00:00,51.623088,0.030337,6585477599.gpx
783,2021-11-01 12:56:30+00:00,51.623031,0.0303,6585477599.gpx
784,2021-11-01 12:56:32+00:00,51.622985,0.030266,6585477599.gpx
785,2021-11-01 12:56:34+00:00,51.622917,0.030233,6585477599.gpx
786,2021-11-01 12:56:36+00:00,51.622859,0.030202,6585477599.gpx
787,2021-11-01 12:56:38+00:00,51.622806,0.030175,6585477599.gpx
788,2021-11-01 12:56:40+00:00,51.622745,0.030149,6585477599.gpx
789,2021-11-01 12:56:42+00:00,51.622688,0.030112,6585477599.gpx
790,2021-11-01 12:56:44+00:00,51.622631,0.030076,6585477599.gpx
791,2021-11-01 12:56:46+00:00,51.622581,0.030038,6585477599.gpx
792,2021-11-01 12:56:48+00:00,51.622524,0.029996,6585477599.gpx
793,2021-11-01 12:56:50+00:00,51.62247,0.029949,6585477599.gpx
794,2021-11-01 12:56:52+00:00,51.622421,0.029895,6585477599.gpx
795,2021-11-01 12:56:54+00:00,51.622371,0.029843,6585477599.gpx
796,2021-11-01 12:56:56+00:00,51.622322,0.029799,6585477599.gpx
797,2021-11-01 12:56:58+00:00,51.622272,0.029753,6585477599.gpx
798,2021-11-01 12:57:00+00:00,51.622226,0.029694,6585477599.gpx
799,2021-11-01 12:57:02+00:00,51.622192,0.029626,6585477599.gpx
800,2021-11-01 12:57:04+00:00,51.622138,0.029581,6585477599.gpx
801,2021-11-01 12:57:06+00:00,51.622085,0.029522,6585477599.gpx
802,2021-11-01 12:57:08+00:00,51.622024,0.029477,6585477599.gpx
803,2021-11-01 12:57:10+00:00,51.621974,0.02942,6585477599.gpx
804,2021-11-01 12:57:12+00:00,51.621925,0.029374,6585477599.gpx
805,2021-11-01 12:57:17+00:00,51.621974,0.029448,6585477599.gpx
806,2021-11-01 12:57:19+00:00,51.622028,0.029493,6585477599.gpx
807,2021-11-01 12:57:21+00:00,51.622081,0.029536,6585477599.gpx
808,2021-11-01 12:57:23+00:00,51.622127,0.029588,6585477599.gpx
809,2021-11-01 12:57:26+00:00,51.622188,0.029655,6585477599.gpx
810,2021-11-01 12:57:28+00:00,51.622241,0.029715,6585477599.gpx
811,2021-11-01 12:57:30+00:00,51.622299,0.029761,6585477599.gpx
812,2021-11-01 12:57:32+00:00,51.622352,0.029809,6585477599.gpx
813,2021-11-01 12:57:34+00:00,51.622394,0.029887,6585477599.gpx
814,2021-11-01 12:57:36+00:00,51.622459,0.029936,6585477599.gpx
815,2021-11-01 12:57:39+00:00,51.622509,0.029993,6585477599.gpx
816,2021-11-01 12:57:41+00:00,51.622566,0.030028,6585477599.gpx
817,2021-11-01 12:57:43+00:00,51.622615,0.03006,6585477599.gpx
818,2021-11-01 12:57:45+00:00,51.62268,0.030105,6585477599.gpx
819,2021-11-01 12:57:47+00:00,51.622737,0.030129,6585477599.gpx
820,2021-11-01 12:57:49+00:00,51.622802,0.030176,6585477599.gpx
821,2021-11-01 12:57:51+00:00,51.622863,0.030183,6585477599.gpx
822,2021-11-01 12:57:53+00:00,51.622924,0.030219,6585477599.gpx
823,2021-11-01 12:57:55+00:00,51.622982,0.030255,6585477599.gpx
824,2021-11-01 12:57:57+00:00,51.623035,0.030279,6585477599.gpx
825,2021-11-01 12:57:59+00:00,51.6231,0.030322,6585477599.gpx
826,2021-11-01 12:58:00+00:00,51.623157,0.030357,6585477599.gpx
827,2021-11-01 12:58:02+00:00,51.623218,0.030396,6585477599.gpx
828,2021-11-01 12:58:04+00:00,51.623271,0.03043,6585477599.gpx
829,2021-11-01 12:58:06+00:00,51.623329,0.03046,6585477599.gpx
830,2021-11-01 12:58:08+00:00,51.623386,0.030482,6585477599.gpx
831,2021-11-01 12:58:10+00:00,51.623443,0.030515,6585477599.gpx
832,2021-11-01 12:58:12+00:00,51.623481,0.030557,6585477599.gpx
833,2021-11-01 12:58:14+00:00,51.62355,0.030575,6585477599.gpx
834,2021-11-01 12:58:16+00:00,51.623607,0.030613,6585477599.gpx
835,2021-11-01 12:58:18+00:00,51.623668,0.030667,6585477599.gpx
836,2021-11-01 12:58:21+00:00,51.623725,0.030703,6585477599.gpx
837,2021-11-01 12:58:22+00:00,51.623779,0.030743,6585477599.gpx
838,2021-11-01 12:58:24+00:00,51.62384,0.030781,6585477599.gpx
839,2021-11-01 12:58:26+00:00,51.623893,0.030826,6585477599.gpx
840,2021-11-01 12:58:28+00:00,51.623954,0.030865,6585477599.gpx
841,2021-11-01 12:58:30+00:00,51.624008,0.0309,6585477599.gpx
842,2021-11-01 12:58:32+00:00,51.624061,0.03094,6585477599.gpx
843,2021-11-01 12:58:34+00:00,51.624118,0.030972,6585477599.gpx
844,2021-11-01 12:58:36+00:00,51.624179,0.031002,6585477599.gpx
845,2021-11-01 12:58:38+00:00,51.624233,0.031038,6585477599.gpx
846,2021-11-01 12:58:40+00:00,51.624286,0.031075,6585477599.gpx
847,2021-11-01 12:58:42+00:00,51.62434,0.031107,6585477599.gpx
848,2021-11-01 12:58:44+00:00,51.624401,0.031153,6585477599.gpx
849,2021-11-01 12:58:46+00:00,51.62445,0.031189,6585477599.gpx
850,2021-11-01 12:58:48+00:00,51.624507,0.031233,6585477599.gpx
851,2021-11-01 12:58:50+00:00,51.624565,0.03127,6585477599.gpx
852,2021-11-01 12:58:52+00:00,51.624622,0.031304,6585477599.gpx
853,2021-11-01 12:58:54+00:00,51.624679,0.031343,6585477599.gpx
854,2021-11-01 12:58:56+00:00,51.624736,0.03138,6585477599.gpx
855,2021-11-01 12:58:58+00:00,51.62479,0.031428,6585477599.gpx
856,2021-11-01 12:59:00+00:00,51.624847,0.031481,6585477599.gpx
857,2021-11-01 12:59:02+00:00,51.6249,0.031517,6585477599.gpx
858,2021-11-01 12:59:04+00:00,51.624958,0.03155,6585477599.gpx
859,2021-11-01 12:59:06+00:00,51.625015,0.031569,6585477599.gpx
860,2021-11-01 12:59:08+00:00,51.625072,0.031607,6585477599.gpx
861,2021-11-01 12:59:10+00:00,51.625125,0.031626,6585477599.gpx
862,2021-11-01 12:59:12+00:00,51.625179,0.031684,6585477599.gpx
863,2021-11-01 12:59:14+00:00,51.625232,0.031717,6585477599.gpx
864,2021-11-01 12:59:16+00:00,51.625293,0.031753,6585477599.gpx
865,2021-11-01 12:59:18+00:00,51.625358,0.031796,6585477599.gpx
866,2021-11-01 12:59:20+00:00,51.625408,0.031826,6585477599.gpx
867,2021-11-01 12:59:22+00:00,51.625457,0.031881,6585477599.gpx
868,2021-11-01 12:59:24+00:00,51.625514,0.031925,6585477599.gpx
869,2021-11-01 12:59:26+00:00,51.625568,0.031953,6585477599.gpx
870,2021-11-01 12:59:28+00:00,51.625625,0.032006,6585477599.gpx
871,2021-11-01 12:59:30+00:00,51.625682,0.032046,6585477599.gpx
872,2021-11-01 12:59:32+00:00,51.62574,0.032087,6585477599.gpx
873,2021-11-01 12:59:34+00:00,51.625797,0.032108,6585477599.gpx
874,2021-11-01 12:59:36+00:00,51.625858,0.032158,6585477599.gpx
875,2021-11-01 12:59:38+00:00,51.625896,0.032204,6585477599.gpx
876,2021-11-01 12:59:40+00:00,51.625953,0.032254,6585477599.gpx
877,2021-11-01 12:59:42+00:00,51.626007,0.032281,6585477599.gpx
878,2021-11-01 12:59:44+00:00,51.62606,0.032343,6585477599.gpx
879,2021-11-01 12:59:46+00:00,51.626113,0.032392,6585477599.gpx
880,2021-11-01 12:59:48+00:00,51.626174,0.032448,6585477599.gpx
881,2021-11-01 12:59:51+00:00,51.626224,0.032481,6585477599.gpx
882,2021-11-01 12:59:53+00:00,51.626274,0.032519,6585477599.gpx
883,2021-11-01 12:59:55+00:00,51.626316,0.032572,6585477599.gpx
884,2021-11-01 12:59:57+00:00,51.626338,0.032696,6585477599.gpx
885,2021-11-01 12:59:59+00:00,51.626384,0.032763,6585477599.gpx
886,2021-11-01 13:00:01+00:00,51.626392,0.032857,6585477599.gpx
887,2021-11-01 13:00:03+00:00,51.626365,0.032975,6585477599.gpx
888,2021-11-01 13:00:05+00:00,51.626358,0.033053,6585477599.gpx
889,2021-11-01 13:00:07+00:00,51.626342,0.03315,6585477599.gpx
890,2021-11-01 13:00:09+00:00,51.626365,0.033265,6585477599.gpx
891,2021-11-01 13:00:11+00:00,51.626346,0.033352,6585477599.gpx
892,2021-11-01 13:00:13+00:00,51.626342,0.033445,6585477599.gpx
893,2021-11-01 13:00:15+00:00,51.626308,0.033543,6585477599.gpx
894,2021-11-01 13:00:17+00:00,51.626293,0.033634,6585477599.gpx
895,2021-11-01 13:00:19+00:00,51.626293,0.033721,6585477599.gpx
896,2021-11-01 13:00:21+00:00,51.62627,0.033807,6585477599.gpx
897,2021-11-01 13:00:23+00:00,51.626296,0.033928,6585477599.gpx
898,2021-11-01 13:00:25+00:00,51.62627,0.034021,6585477599.gpx
899,2021-11-01 13:00:27+00:00,51.626262,0.034108,6585477599.gpx
900,2021-11-01 13:00:29+00:00,51.62627,0.034211,6585477599.gpx
901,2021-11-01 13:00:31+00:00,51.626251,0.03432,6585477599.gpx
902,2021-11-01 13:00:33+00:00,51.626232,0.034419,6585477599.gpx
903,2021-11-01 13:00:35+00:00,51.626239,0.034509,6585477599.gpx
904,2021-11-01 13:00:37+00:00,51.626216,0.034604,6585477599.gpx
905,2021-11-01 13:00:39+00:00,51.626216,0.03471,6585477599.gpx
906,2021-11-01 13:00:41+00:00,51.626197,0.034808,6585477599.gpx
907,2021-11-01 13:00:43+00:00,51.626201,0.034908,6585477599.gpx
908,2021-11-01 13:00:45+00:00,51.626186,0.035003,6585477599.gpx
909,2021-11-01 13:00:47+00:00,51.626174,0.035104,6585477599.gpx
910,2021-11-01 13:00:49+00:00,51.626148,0.035219,6585477599.gpx
911,2021-11-01 13:00:51+00:00,51.626152,0.03531,6585477599.gpx
912,2021-11-01 13:00:53+00:00,51.626148,0.035414,6585477599.gpx
913,2021-11-01 13:00:55+00:00,51.626113,0.035511,6585477599.gpx
914,2021-11-01 13:00:57+00:00,51.626079,0.035601,6585477599.gpx
915,2021-11-01 13:00:59+00:00,51.626064,0.035684,6585477599.gpx
916,2021-11-01 13:01:01+00:00,51.626083,0.03578,6585477599.gpx
917,2021-11-01 13:01:03+00:00,51.62611,0.035872,6585477599.gpx
918,2021-11-01 13:01:05+00:00,51.626094,0.035965,6585477599.gpx
919,2021-11-01 13:01:07+00:00,51.626083,0.036064,6585477599.gpx
920,2021-11-01 13:01:09+00:00,51.626068,0.036158,6585477599.gpx
921,2021-11-01 13:01:11+00:00,51.62606,0.036258,6585477599.gpx
922,2021-11-01 13:01:13+00:00,51.626029,0.036361,6585477599.gpx
923,2021-11-01 13:01:15+00:00,51.626026,0.036463,6585477599.gpx
924,2021-11-01 13:01:17+00:00,51.626022,0.036573,6585477599.gpx
925,2021-11-01 13:01:19+00:00,51.62598,0.036696,6585477599.gpx
926,2021-11-01 13:01:21+00:00,51.625991,0.036791,6585477599.gpx
927,2021-11-01 13:01:23+00:00,51.625995,0.036893,6585477599.gpx
928,2021-11-01 13:01:25+00:00,51.625953,0.036982,6585477599.gpx
929,2021-11-01 13:01:27+00:00,51.625965,0.037087,6585477599.gpx
930,2021-11-01 13:01:29+00:00,51.625957,0.037182,6585477599.gpx
931,2021-11-01 13:01:31+00:00,51.625965,0.037292,6585477599.gpx
932,2021-11-01 13:01:33+00:00,51.625961,0.037391,6585477599.gpx
933,2021-11-01 13:01:35+00:00,51.625942,0.037494,6585477599.gpx
934,2021-11-01 13:01:37+00:00,51.625938,0.037594,6585477599.gpx
935,2021-11-01 13:01:39+00:00,51.625926,0.037699,6585477599.gpx
936,2021-11-01 13:01:41+00:00,51.625934,0.0378,6585477599.gpx
937,2021-11-01 13:01:43+00:00,51.625915,0.037908,6585477599.gpx
938,2021-11-01 13:01:45+00:00,51.625892,0.038009,6585477599.gpx
939,2021-11-01 13:01:47+00:00,51.625888,0.038114,6585477599.gpx
940,2021-11-01 13:01:49+00:00,51.625877,0.038212,6585477599.gpx
941,2021-11-01 13:01:51+00:00,51.625862,0.038327,6585477599.gpx
942,2021-11-01 13:01:53+00:00,51.62585,0.038436,6585477599.gpx
943,2021-11-01 13:01:55+00:00,51.625831,0.038543,6585477599.gpx
944,2021-11-01 13:01:57+00:00,51.625823,0.038649,6585477599.gpx
945,2021-11-01 13:01:59+00:00,51.625812,0.038748,6585477599.gpx
946,2021-11-01 13:02:01+00:00,51.625804,0.03886,6585477599.gpx
947,2021-11-01 13:02:03+00:00,51.625785,0.038968,6585477599.gpx
948,2021-11-01 13:02:05+00:00,51.625778,0.039074,6585477599.gpx
949,2021-11-01 13:02:07+00:00,51.625766,0.039179,6585477599.gpx
950,2021-11-01 13:02:09+00:00,51.625759,0.039294,6585477599.gpx
951,2021-11-01 13:02:11+00:00,51.625755,0.039402,6585477599.gpx
952,2021-11-01 13:02:13+00:00,51.625743,0.03951,6585477599.gpx
953,2021-11-01 13:02:15+00:00,51.625717,0.039594,6585477599.gpx
954,2021-11-01 13:02:17+00:00,51.625713,0.039729,6585477599.gpx
955,2021-11-01 13:02:19+00:00,51.625694,0.039824,6585477599.gpx
956,2021-11-01 13:02:21+00:00,51.625698,0.039926,6585477599.gpx
957,2021-11-01 13:02:23+00:00,51.625698,0.040042,6585477599.gpx
958,2021-11-01 13:02:25+00:00,51.625675,0.040146,6585477599.gpx
959,2021-11-01 13:02:27+00:00,51.625648,0.040242,6585477599.gpx
960,2021-11-01 13:02:29+00:00,51.625659,0.040353,6585477599.gpx
961,2021-11-01 13:02:31+00:00,51.625652,0.040472,6585477599.gpx
962,2021-11-01 13:02:33+00:00,51.625637,0.04057,6585477599.gpx
963,2021-11-01 13:02:35+00:00,51.625617,0.040653,6585477599.gpx
964,2021-11-01 13:02:37+00:00,51.625606,0.04076,6585477599.gpx
965,2021-11-01 13:02:39+00:00,51.625598,0.040864,6585477599.gpx
966,2021-11-01 13:02:41+00:00,51.625595,0.040977,6585477599.gpx
967,2021-11-01 13:02:43+00:00,51.625579,0.04107,6585477599.gpx
968,2021-11-01 13:02:45+00:00,51.625556,0.041175,6585477599.gpx
969,2021-11-01 13:02:47+00:00,51.625572,0.04126,6585477599.gpx
970,2021-11-01 13:02:49+00:00,51.625553,0.041374,6585477599.gpx
971,2021-11-01 13:02:51+00:00,51.625541,0.04148,6585477599.gpx
972,2021-11-01 13:02:53+00:00,51.625511,0.041588,6585477599.gpx
973,2021-11-01 13:02:55+00:00,51.625514,0.041689,6585477599.gpx
974,2021-11-01 13:02:57+00:00,51.625518,0.041802,6585477599.gpx
975,2021-11-01 13:02:59+00:00,51.625511,0.041912,6585477599.gpx
976,2021-11-01 13:03:01+00:00,51.625537,0.042045,6585477599.gpx
977,2021-11-01 13:03:03+00:00,51.625537,0.042146,6585477599.gpx
978,2021-11-01 13:03:05+00:00,51.625526,0.042243,6585477599.gpx
979,2021-11-01 13:03:07+00:00,51.625503,0.042351,6585477599.gpx
980,2021-11-01 13:03:09+00:00,51.62548,0.042447,6585477599.gpx
981,2021-11-01 13:03:11+00:00,51.625465,0.042547,6585477599.gpx
982,2021-11-01 13:03:13+00:00,51.625465,0.042653,6585477599.gpx
983,2021-11-01 13:03:15+00:00,51.625442,0.042749,6585477599.gpx
984,2021-11-01 13:03:17+00:00,51.625431,0.042853,6585477599.gpx
985,2021-11-01 13:03:19+00:00,51.625411,0.042959,6585477599.gpx
986,2021-11-01 13:03:21+00:00,51.625404,0.043054,6585477599.gpx
987,2021-11-01 13:03:23+00:00,51.625392,0.043157,6585477599.gpx
988,2021-11-01 13:03:25+00:00,51.62537,0.043241,6585477599.gpx
989,2021-11-01 13:03:27+00:00,51.625362,0.043351,6585477599.gpx
990,2021-11-01 13:03:29+00:00,51.625343,0.04345,6585477599.gpx
991,2021-11-01 13:03:31+00:00,51.625347,0.043562,6585477599.gpx
992,2021-11-01 13:03:33+00:00,51.625358,0.043672,6585477599.gpx
993,2021-11-01 13:03:35+00:00,51.625339,0.043773,6585477599.gpx
994,2021-11-01 13:03:37+00:00,51.625335,0.043856,6585477599.gpx
995,2021-11-01 13:03:39+00:00,51.625316,0.04397,6585477599.gpx
996,2021-11-01 13:03:41+00:00,51.625312,0.044082,6585477599.gpx
997,2021-11-01 13:03:43+00:00,51.625305,0.04418,6585477599.gpx
998,2021-11-01 13:03:45+00:00,51.625293,0.044271,6585477599.gpx
999,2021-11-01 13:03:47+00:00,51.625282,0.044372,6585477599.gpx
1000,2021-11-01 13:03:49+00:00,51.625259,0.04447,6585477599.gpx
1001,2021-11-01 13:03:51+00:00,51.625259,0.044578,6585477599.gpx
1002,2021-11-01 13:03:53+00:00,51.625247,0.044681,6585477599.gpx
1003,2021-11-01 13:03:55+00:00,51.625232,0.044779,6585477599.gpx
1004,2021-11-01 13:03:57+00:00,51.625228,0.04489,6585477599.gpx
1005,2021-11-01 13:03:59+00:00,51.625213,0.044991,6585477599.gpx
1006,2021-11-01 13:04:01+00:00,51.625209,0.045097,6585477599.gpx
1007,2021-11-01 13:04:03+00:00,51.625198,0.04519,6585477599.gpx
1008,2021-11-01 13:04:05+00:00,51.625167,0.045286,6585477599.gpx
1009,2021-11-01 13:04:07+00:00,51.625152,0.045372,6585477599.gpx
1010,2021-11-01 13:04:09+00:00,51.625156,0.045478,6585477599.gpx
1011,2021-11-01 13:04:11+00:00,51.625129,0.045566,6585477599.gpx
1012,2021-11-01 13:04:13+00:00,51.625099,0.045639,6585477599.gpx
1013,2021-11-01 13:04:15+00:00,51.625099,0.045747,6585477599.gpx
1014,2021-11-01 13:04:17+00:00,51.625099,0.045847,6585477599.gpx
1015,2021-11-01 13:04:19+00:00,51.62511,0.045947,6585477599.gpx
1016,2021-11-01 13:04:21+00:00,51.625102,0.04604,6585477599.gpx
1017,2021-11-01 13:04:23+00:00,51.625095,0.046119,6585477599.gpx
1018,2021-11-01 13:04:25+00:00,51.625083,0.046199,6585477599.gpx
1019,2021-11-01 13:04:27+00:00,51.625076,0.046296,6585477599.gpx
1020,2021-11-01 13:04:29+00:00,51.625083,0.046393,6585477599.gpx
1021,2021-11-01 13:04:31+00:00,51.625114,0.046471,6585477599.gpx
1022,2021-11-01 13:04:33+00:00,51.625156,0.046515,6585477599.gpx
1023,2021-11-01 13:04:35+00:00,51.625225,0.046509,6585477599.gpx
1024,2021-11-01 13:04:37+00:00,51.625278,0.046527,6585477599.gpx
1025,2021-11-01 13:04:40+00:00,51.625335,0.046579,6585477599.gpx
1026,2021-11-01 13:04:42+00:00,51.625389,0.046606,6585477599.gpx
1027,2021-11-01 13:04:44+00:00,51.625434,0.046598,6585477599.gpx
1028,2021-11-01 13:04:46+00:00,51.625488,0.046603,6585477599.gpx
1029,2021-11-01 13:04:48+00:00,51.625537,0.046667,6585477599.gpx
1030,2021-11-01 13:04:50+00:00,51.625587,0.046721,6585477599.gpx
1031,2021-11-01 13:04:52+00:00,51.625633,0.046445,6585477599.gpx
1032,2021-11-01 13:04:54+00:00,51.625404,0.046699,6585477599.gpx
1033,2021-11-01 13:04:56+00:00,51.625286,0.046705,6585477599.gpx
1034,2021-11-01 13:04:58+00:00,51.625205,0.046701,6585477599.gpx
1035,2021-11-01 13:05:00+00:00,51.625141,0.046709,6585477599.gpx
1036,2021-11-01 13:05:02+00:00,51.625083,0.046713,6585477599.gpx
1037,2021-11-01 13:05:05+00:00,51.625011,0.046712,6585477599.gpx
1038,2021-11-01 13:05:07+00:00,51.624961,0.046773,6585477599.gpx
1039,2021-11-01 13:05:09+00:00,51.625034,0.046992,6585477599.gpx
1040,2021-11-01 13:05:10+00:00,51.625087,0.046979,6585477599.gpx
1041,2021-11-01 13:05:12+00:00,51.625156,0.046992,6585477599.gpx
1042,2021-11-01 13:05:14+00:00,51.625198,0.047068,6585477599.gpx
1043,2021-11-01 13:05:16+00:00,51.625205,0.047186,6585477599.gpx
1044,2021-11-01 13:05:18+00:00,51.625114,0.04721,6585477599.gpx
1045,2021-11-01 13:05:20+00:00,51.625061,0.047222,6585477599.gpx
1046,2021-11-01 13:05:22+00:00,51.625041,0.047323,6585477599.gpx
1047,2021-11-01 13:05:24+00:00,51.625041,0.047428,6585477599.gpx
1048,2021-11-01 13:05:26+00:00,51.625072,0.047514,6585477599.gpx
1049,2021-11-01 13:05:28+00:00,51.625129,0.047538,6585477599.gpx
1050,2021-11-01 13:05:30+00:00,51.625186,0.047531,6585477599.gpx
1051,2021-11-01 13:05:32+00:00,51.625251,0.047554,6585477599.gpx
1052,2021-11-01 13:05:34+00:00,51.625308,0.04759,6585477599.gpx
1053,2021-11-01 13:05:36+00:00,51.625366,0.047604,6585477599.gpx
1054,2021-11-01 13:05:38+00:00,51.625427,0.047618,6585477599.gpx
1055,2021-11-01 13:05:40+00:00,51.625488,0.047648,6585477599.gpx
1056,2021-11-01 13:05:42+00:00,51.625549,0.047654,6585477599.gpx
1057,2021-11-01 13:05:44+00:00,51.625614,0.047684,6585477599.gpx
1058,2021-11-01 13:05:46+00:00,51.625675,0.047685,6585477599.gpx
1059,2021-11-01 13:05:48+00:00,51.62574,0.047705,6585477599.gpx
1060,2021-11-01 13:05:50+00:00,51.625793,0.047729,6585477599.gpx
1061,2021-11-01 13:05:52+00:00,51.625854,0.04774,6585477599.gpx
1062,2021-11-01 13:05:54+00:00,51.625911,0.047748,6585477599.gpx
1063,2021-11-01 13:05:56+00:00,51.625984,0.047777,6585477599.gpx
1064,2021-11-01 13:05:58+00:00,51.626041,0.047787,6585477599.gpx
1065,2021-11-01 13:06:00+00:00,51.626098,0.047798,6585477599.gpx
1066,2021-11-01 13:06:02+00:00,51.626167,0.047823,6585477599.gpx
1067,2021-11-01 13:06:04+00:00,51.626228,0.047835,6585477599.gpx
1068,2021-11-01 13:06:06+00:00,51.626293,0.047856,6585477599.gpx
1069,2021-11-01 13:06:08+00:00,51.62635,0.047866,6585477599.gpx
1070,2021-11-01 13:06:10+00:00,51.626415,0.04789,6585477599.gpx
1071,2021-11-01 13:06:12+00:00,51.62648,0.047901,6585477599.gpx
1072,2021-11-01 13:06:14+00:00,51.626537,0.047916,6585477599.gpx
1073,2021-11-01 13:06:16+00:00,51.626586,0.04794,6585477599.gpx
1074,2021-11-01 13:06:18+00:00,51.626651,0.047974,6585477599.gpx
1075,2021-11-01 13:06:20+00:00,51.626716,0.048011,6585477599.gpx
1076,2021-11-01 13:06:22+00:00,51.626785,0.047996,6585477599.gpx
1077,2021-11-01 13:06:24+00:00,51.626846,0.048007,6585477599.gpx
1078,2021-11-01 13:06:26+00:00,51.626911,0.048022,6585477599.gpx
1079,2021-11-01 13:06:28+00:00,51.626964,0.04804,6585477599.gpx
1080,2021-11-01 13:06:30+00:00,51.627021,0.048055,6585477599.gpx
1081,2021-11-01 13:06:32+00:00,51.627079,0.048025,6585477599.gpx
1082,2021-11-01 13:06:34+00:00,51.627098,0.047944,6585477599.gpx
1083,2021-11-01 13:06:36+00:00,51.62709,0.047842,6585477599.gpx
1084,2021-11-01 13:06:39+00:00,51.627113,0.047927,6585477599.gpx
1085,2021-11-01 13:06:41+00:00,51.627143,0.04799,6585477599.gpx
1086,2021-11-01 13:06:43+00:00,51.627193,0.048051,6585477599.gpx
1087,2021-11-01 13:06:45+00:00,51.627246,0.048095,6585477599.gpx
1088,2021-11-01 13:06:47+00:00,51.627304,0.048125,6585477599.gpx
1089,2021-11-01 13:06:49+00:00,51.627353,0.048151,6585477599.gpx
1090,2021-11-01 13:06:51+00:00,51.627422,0.048158,6585477599.gpx
1091,2021-11-01 13:06:53+00:00,51.627483,0.04817,6585477599.gpx
1092,2021-11-01 13:06:55+00:00,51.62754,0.048176,6585477599.gpx
1093,2021-11-01 13:06:57+00:00,51.627601,0.048185,6585477599.gpx
1094,2021-11-01 13:06:59+00:00,51.627658,0.048206,6585477599.gpx
1095,2021-11-01 13:07:01+00:00,51.627742,0.048247,6585477599.gpx
1096,2021-11-01 13:07:03+00:00,51.627803,0.048251,6585477599.gpx
1097,2021-11-01 13:07:05+00:00,51.627868,0.048259,6585477599.gpx
1098,2021-11-01 13:07:07+00:00,51.627929,0.048276,6585477599.gpx
1099,2021-11-01 13:07:09+00:00,51.628002,0.048283,6585477599.gpx
1100,2021-11-01 13:07:11+00:00,51.628067,0.048299,6585477599.gpx
1101,2021-11-01 13:07:13+00:00,51.628131,0.048311,6585477599.gpx
1102,2021-11-01 13:07:15+00:00,51.628192,0.048329,6585477599.gpx
1103,2021-11-01 13:07:17+00:00,51.628261,0.048348,6585477599.gpx
1104,2021-11-01 13:07:19+00:00,51.628326,0.048362,6585477599.gpx
1105,2021-11-01 13:07:21+00:00,51.628391,0.048383,6585477599.gpx
1106,2021-11-01 13:07:23+00:00,51.62844,0.048368,6585477599.gpx
1107,2021-11-01 13:07:25+00:00,51.628517,0.04838,6585477599.gpx
1108,2021-11-01 13:07:27+00:00,51.628582,0.048415,6585477599.gpx
1109,2021-11-01 13:07:29+00:00,51.628646,0.048421,6585477599.gpx
1110,2021-11-01 13:07:31+00:00,51.628719,0.048436,6585477599.gpx
1111,2021-11-01 13:07:33+00:00,51.62878,0.04844,6585477599.gpx
1112,2021-11-01 13:07:35+00:00,51.628841,0.048471,6585477599.gpx
1113,2021-11-01 13:07:37+00:00,51.62891,0.048438,6585477599.gpx
1114,2021-11-01 13:07:38+00:00,51.628952,0.048484,6585477599.gpx
1115,2021-11-01 13:07:40+00:00,51.629013,0.048533,6585477599.gpx
1116,2021-11-01 13:07:42+00:00,51.62907,0.048573,6585477599.gpx
1117,2021-11-01 13:07:44+00:00,51.629127,0.048626,6585477599.gpx
1118,2021-11-01 13:07:46+00:00,51.629184,0.04869,6585477599.gpx
1119,2021-11-01 13:07:48+00:00,51.629234,0.048762,6585477599.gpx
1120,2021-11-01 13:07:50+00:00,51.62928,0.048827,6585477599.gpx
1121,2021-11-01 13:07:52+00:00,51.629322,0.048906,6585477599.gpx
1122,2021-11-01 13:07:54+00:00,51.629367,0.048995,6585477599.gpx
1123,2021-11-01 13:07:56+00:00,51.629405,0.049083,6585477599.gpx
1124,2021-11-01 13:07:58+00:00,51.629451,0.049166,6585477599.gpx
1125,2021-11-01 13:08:00+00:00,51.629493,0.049249,6585477599.gpx
1126,2021-11-01 13:08:02+00:00,51.629535,0.049331,6585477599.gpx
1127,2021-11-01 13:08:04+00:00,51.629577,0.049419,6585477599.gpx
1128,2021-11-01 13:08:06+00:00,51.629619,0.049499,6585477599.gpx
1129,2021-11-01 13:08:08+00:00,51.629653,0.049571,6585477599.gpx
1130,2021-11-01 13:08:10+00:00,51.629688,0.049663,6585477599.gpx
1131,2021-11-01 13:08:12+00:00,51.629745,0.049726,6585477599.gpx
1132,2021-11-01 13:08:14+00:00,51.629783,0.049809,6585477599.gpx
1133,2021-11-01 13:08:16+00:00,51.629837,0.049884,6585477599.gpx
1134,2021-11-01 13:08:18+00:00,51.629882,0.04995,6585477599.gpx
1135,2021-11-01 13:08:20+00:00,51.629936,0.050012,6585477599.gpx
1136,2021-11-01 13:08:22+00:00,51.629981,0.050086,6585477599.gpx
1137,2021-11-01 13:08:24+00:00,51.630023,0.050154,6585477599.gpx
1138,2021-11-01 13:08:26+00:00,51.630069,0.050217,6585477599.gpx
1139,2021-11-01 13:08:28+00:00,51.630115,0.050289,6585477599.gpx
1140,2021-11-01 13:08:30+00:00,51.630161,0.050358,6585477599.gpx
1141,2021-11-01 13:08:32+00:00,51.63021,0.05041,6585477599.gpx
1142,2021-11-01 13:08:34+00:00,51.630256,0.050471,6585477599.gpx
1143,2021-11-01 13:08:36+00:00,51.630302,0.050533,6585477599.gpx
1144,2021-11-01 13:08:38+00:00,51.630355,0.050596,6585477599.gpx
1145,2021-11-01 13:08:40+00:00,51.630401,0.050651,6585477599.gpx
1146,2021-11-01 13:08:42+00:00,51.630447,0.050721,6585477599.gpx
1147,2021-11-01 13:08:44+00:00,51.630493,0.050782,6585477599.gpx
1148,2021-11-01 13:08:46+00:00,51.630542,0.050843,6585477599.gpx
1149,2021-11-01 13:08:48+00:00,51.630596,0.050896,6585477599.gpx
1150,2021-11-01 13:08:50+00:00,51.630645,0.050953,6585477599.gpx
1151,2021-11-01 13:08:52+00:00,51.630702,0.051011,6585477599.gpx
1152,2021-11-01 13:08:54+00:00,51.630752,0.051065,6585477599.gpx
1153,2021-11-01 13:08:56+00:00,51.630809,0.051118,6585477599.gpx
1154,2021-11-01 13:08:58+00:00,51.630863,0.051174,6585477599.gpx
1155,2021-11-01 13:09:00+00:00,51.630908,0.05123,6585477599.gpx
1156,2021-11-01 13:09:02+00:00,51.630954,0.051269,6585477599.gpx
1157,2021-11-01 13:09:04+00:00,51.631008,0.051324,6585477599.gpx
1158,2021-11-01 13:09:06+00:00,51.631057,0.051381,6585477599.gpx
1159,2021-11-01 13:09:08+00:00,51.631107,0.051432,6585477599.gpx
1160,2021-11-01 13:09:10+00:00,51.63116,0.051486,6585477599.gpx
1161,2021-11-01 13:09:12+00:00,51.631206,0.051553,6585477599.gpx
1162,2021-11-01 13:09:14+00:00,51.631259,0.051588,6585477599.gpx
1163,2021-11-01 13:09:16+00:00,51.631309,0.051642,6585477599.gpx
1164,2021-11-01 13:09:18+00:00,51.631359,0.051703,6585477599.gpx
1165,2021-11-01 13:09:19+00:00,51.631389,0.051757,6585477599.gpx
1166,2021-11-01 13:09:20+00:00,51.63145,0.051817,6585477599.gpx
1167,2021-11-01 13:09:22+00:00,51.631488,0.05186,6585477599.gpx
1168,2021-11-01 13:09:24+00:00,51.631534,0.051899,6585477599.gpx
1169,2021-11-01 13:09:26+00:00,51.631553,0.051986,6585477599.gpx
1170,2021-11-01 13:09:28+00:00,51.631618,0.052023,6585477599.gpx
1171,2021-11-01 13:09:30+00:00,51.631664,0.052034,6585477599.gpx
1172,2021-11-01 13:09:32+00:00,51.631721,0.052086,6585477599.gpx
1173,2021-11-01 13:09:34+00:00,51.631767,0.052147,6585477599.gpx
1174,2021-11-01 13:09:36+00:00,51.631805,0.052208,6585477599.gpx
1175,2021-11-01 13:09:38+00:00,51.631851,0.052268,6585477599.gpx
1176,2021-11-01 13:09:40+00:00,51.631896,0.052324,6585477599.gpx
1177,2021-11-01 13:09:42+00:00,51.631946,0.052365,6585477599.gpx
1178,2021-11-01 13:09:44+00:00,51.631996,0.052421,6585477599.gpx
1179,2021-11-01 13:09:46+00:00,51.632045,0.052469,6585477599.gpx
1180,2021-11-01 13:09:48+00:00,51.632091,0.052525,6585477599.gpx
1181,2021-11-01 13:09:50+00:00,51.632148,0.052568,6585477599.gpx
1182,2021-11-01 13:09:52+00:00,51.632202,0.052607,6585477599.gpx
1183,2021-11-01 13:09:54+00:00,51.632244,0.052677,6585477599.gpx
1184,2021-11-01 13:09:56+00:00,51.632301,0.052729,6585477599.gpx
1185,2021-11-01 13:09:58+00:00,51.632339,0.052795,6585477599.gpx
1186,2021-11-01 13:10:00+00:00,51.632389,0.052847,6585477599.gpx
1187,2021-11-01 13:10:02+00:00,51.63245,0.052911,6585477599.gpx
1188,2021-11-01 13:10:04+00:00,51.632503,0.052967,6585477599.gpx
1189,2021-11-01 13:10:06+00:00,51.632556,0.053025,6585477599.gpx
1190,2021-11-01 13:10:08+00:00,51.632602,0.053077,6585477599.gpx
1191,2021-11-01 13:10:10+00:00,51.632652,0.053141,6585477599.gpx
1192,2021-11-01 13:10:13+00:00,51.632701,0.053206,6585477599.gpx
1193,2021-11-01 13:10:15+00:00,51.632755,0.053257,6585477599.gpx
1194,2021-11-01 13:10:17+00:00,51.632808,0.053307,6585477599.gpx
1195,2021-11-01 13:10:19+00:00,51.632854,0.053386,6585477599.gpx
1196,2021-11-01 13:10:21+00:00,51.632911,0.053437,6585477599.gpx
1197,2021-11-01 13:10:23+00:00,51.632961,0.053483,6585477599.gpx
1198,2021-11-01 13:10:25+00:00,51.633014,0.053543,6585477599.gpx
1199,2021-11-01 13:10:27+00:00,51.633064,0.053605,6585477599.gpx
1200,2021-11-01 13:10:29+00:00,51.633121,0.053661,6585477599.gpx
1201,2021-11-01 13:10:31+00:00,51.633167,0.053713,6585477599.gpx
1202,2021-11-01 13:10:33+00:00,51.633224,0.053773,6585477599.gpx
1203,2021-11-01 13:10:35+00:00,51.633281,0.053821,6585477599.gpx
1204,2021-11-01 13:10:37+00:00,51.633327,0.05387,6585477599.gpx
1205,2021-11-01 13:10:39+00:00,51.633388,0.053921,6585477599.gpx
1206,2021-11-01 13:10:41+00:00,51.633441,0.053959,6585477599.gpx
1207,2021-11-01 13:10:43+00:00,51.633502,0.053999,6585477599.gpx
1208,2021-11-01 13:10:45+00:00,51.633556,0.054032,6585477599.gpx
1209,2021-11-01 13:10:47+00:00,51.633605,0.05408,6585477599.gpx
1210,2021-11-01 13:10:49+00:00,51.633666,0.054125,6585477599.gpx
1211,2021-11-01 13:10:51+00:00,51.633724,0.054168,6585477599.gpx
1212,2021-11-01 13:10:53+00:00,51.633781,0.054216,6585477599.gpx
1213,2021-11-01 13:10:55+00:00,51.633846,0.054272,6585477599.gpx
1214,2021-11-01 13:10:57+00:00,51.633903,0.054314,6585477599.gpx
1215,2021-11-01 13:10:59+00:00,51.63396,0.054339,6585477599.gpx
1216,2021-11-01 13:11:01+00:00,51.634021,0.05437,6585477599.gpx
1217,2021-11-01 13:11:03+00:00,51.634075,0.054412,6585477599.gpx
1218,2021-11-01 13:11:05+00:00,51.634136,0.054451,6585477599.gpx
1219,2021-11-01 13:11:07+00:00,51.634193,0.054493,6585477599.gpx
1220,2021-11-01 13:11:09+00:00,51.634246,0.054533,6585477599.gpx
1221,2021-11-01 13:11:11+00:00,51.634292,0.05458,6585477599.gpx
1222,2021-11-01 13:11:13+00:00,51.634353,0.054625,6585477599.gpx
1223,2021-11-01 13:11:15+00:00,51.634414,0.054669,6585477599.gpx
1224,2021-11-01 13:11:17+00:00,51.634471,0.054711,6585477599.gpx
1225,2021-11-01 13:11:19+00:00,51.634525,0.054752,6585477599.gpx
1226,2021-11-01 13:11:21+00:00,51.634582,0.054796,6585477599.gpx
1227,2021-11-01 13:11:23+00:00,51.634632,0.05485,6585477599.gpx
1228,2021-11-01 13:11:25+00:00,51.634708,0.054879,6585477599.gpx
1229,2021-11-01 13:11:27+00:00,51.634765,0.05492,6585477599.gpx
1230,2021-11-01 13:11:29+00:00,51.634807,0.054984,6585477599.gpx
1231,2021-11-01 13:11:32+00:00,51.634883,0.055035,6585477599.gpx
1232,2021-11-01 13:11:34+00:00,51.634937,0.055096,6585477599.gpx
1233,2021-11-01 13:11:36+00:00,51.63499,0.055136,6585477599.gpx
1234,2021-11-01 13:11:38+00:00,51.635051,0.055154,6585477599.gpx
1235,2021-11-01 13:11:40+00:00,51.635108,0.0552,6585477599.gpx
1236,2021-11-01 13:11:42+00:00,51.635158,0.055274,6585477599.gpx
1237,2021-11-01 13:11:44+00:00,51.635196,0.055337,6585477599.gpx
1238,2021-11-01 13:11:46+00:00,51.635253,0.055397,6585477599.gpx
1239,2021-11-01 13:11:48+00:00,51.635299,0.055439,6585477599.gpx
1240,2021-11-01 13:11:50+00:00,51.635356,0.055501,6585477599.gpx
1241,2021-11-01 13:11:52+00:00,51.635414,0.055548,6585477599.gpx
1242,2021-11-01 13:11:54+00:00,51.635471,0.0556,6585477599.gpx
1243,2021-11-01 13:11:56+00:00,51.635524,0.055643,6585477599.gpx
1244,2021-11-01 13:11:58+00:00,51.635597,0.0557,6585477599.gpx
1245,2021-11-01 13:12:01+00:00,51.635654,0.055776,6585477599.gpx
1246,2021-11-01 13:12:03+00:00,51.635707,0.055848,6585477599.gpx
1247,2021-11-01 13:12:05+00:00,51.635761,0.055896,6585477599.gpx
1248,2021-11-01 13:12:07+00:00,51.63581,0.055963,6585477599.gpx
1249,2021-11-01 13:12:09+00:00,51.63586,0.056019,6585477599.gpx
1250,2021-11-01 13:12:11+00:00,51.635906,0.056088,6585477599.gpx
1251,2021-11-01 13:12:13+00:00,51.635963,0.056163,6585477599.gpx
1252,2021-11-01 13:12:15+00:00,51.636009,0.056234,6585477599.gpx
1253,2021-11-01 13:12:17+00:00,51.636062,0.056271,6585477599.gpx
1254,2021-11-01 13:12:19+00:00,51.636104,0.056345,6585477599.gpx
1255,2021-11-01 13:12:20+00:00,51.636116,0.056419,6585477599.gpx
1256,2021-11-01 13:12:22+00:00,51.636177,0.056466,6585477599.gpx
1257,2021-11-01 13:12:24+00:00,51.636257,0.056544,6585477599.gpx
1258,2021-11-01 13:12:26+00:00,51.636306,0.056631,6585477599.gpx
1259,2021-11-01 13:12:28+00:00,51.636356,0.05666,6585477599.gpx
1260,2021-11-01 13:12:30+00:00,51.636405,0.056733,6585477599.gpx
1261,2021-11-01 13:12:32+00:00,51.636432,0.056814,6585477599.gpx
1262,2021-11-01 13:12:34+00:00,51.636474,0.056887,6585477599.gpx
1263,2021-11-01 13:12:36+00:00,51.636512,0.056956,6585477599.gpx
1264,2021-11-01 13:12:38+00:00,51.636558,0.057029,6585477599.gpx
1265,2021-11-01 13:12:40+00:00,51.636596,0.057103,6585477599.gpx
1266,2021-11-01 13:12:42+00:00,51.636646,0.05718,6585477599.gpx
1267,2021-11-01 13:12:44+00:00,51.636684,0.057251,6585477599.gpx
1268,2021-11-01 13:12:46+00:00,51.636737,0.057311,6585477599.gpx
1269,2021-11-01 13:12:48+00:00,51.636779,0.057387,6585477599.gpx
1270,2021-11-01 13:12:50+00:00,51.636817,0.057466,6585477599.gpx
1271,2021-11-01 13:12:52+00:00,51.636856,0.057544,6585477599.gpx
1272,2021-11-01 13:12:54+00:00,51.636905,0.057623,6585477599.gpx
1273,2021-11-01 13:12:56+00:00,51.636947,0.057696,6585477599.gpx
1274,2021-11-01 13:12:58+00:00,51.636989,0.057785,6585477599.gpx
1275,2021-11-01 13:13:00+00:00,51.637031,0.057857,6585477599.gpx
1276,2021-11-01 13:13:02+00:00,51.637073,0.057925,6585477599.gpx
1277,2021-11-01 13:13:04+00:00,51.637119,0.057995,6585477599.gpx
1278,2021-11-01 13:13:06+00:00,51.637161,0.05809,6585477599.gpx
1279,2021-11-01 13:13:08+00:00,51.63721,0.058147,6585477599.gpx
1280,2021-11-01 13:13:10+00:00,51.637252,0.058204,6585477599.gpx
1281,2021-11-01 13:13:12+00:00,51.63729,0.058269,6585477599.gpx
1282,2021-11-01 13:13:14+00:00,51.637325,0.058339,6585477599.gpx
1283,2021-11-01 13:13:17+00:00,51.637386,0.05837,6585477599.gpx
1284,2021-11-01 13:13:20+00:00,51.637443,0.058413,6585477599.gpx
1285,2021-11-01 13:13:22+00:00,51.637435,0.058516,6585477599.gpx
1286,2021-11-01 13:13:24+00:00,51.637451,0.058597,6585477599.gpx
1287,2021-11-01 13:13:26+00:00,51.637496,0.058654,6585477599.gpx
1288,2021-11-01 13:13:28+00:00,51.637531,0.05873,6585477599.gpx
1289,2021-11-01 13:13:30+00:00,51.637577,0.058797,6585477599.gpx
1290,2021-11-01 13:13:32+00:00,51.637619,0.058862,6585477599.gpx
1291,2021-11-01 13:13:34+00:00,51.63766,0.058935,6585477599.gpx
1292,2021-11-01 13:13:36+00:00,51.637699,0.059009,6585477599.gpx
1293,2021-11-01 13:13:38+00:00,51.637748,0.059079,6585477599.gpx
1294,2021-11-01 13:13:40+00:00,51.637786,0.059155,6585477599.gpx
1295,2021-11-01 13:13:42+00:00,51.637821,0.059228,6585477599.gpx
1296,2021-11-01 13:13:44+00:00,51.637863,0.059296,6585477599.gpx
1297,2021-11-01 13:13:46+00:00,51.637905,0.059373,6585477599.gpx
1298,2021-11-01 13:13:48+00:00,51.637947,0.059444,6585477599.gpx
1299,2021-11-01 13:13:50+00:00,51.637981,0.059523,6585477599.gpx
1300,2021-11-01 13:13:52+00:00,51.638019,0.059607,6585477599.gpx
1301,2021-11-01 13:13:54+00:00,51.638065,0.059672,6585477599.gpx
1302,2021-11-01 13:13:56+00:00,51.638114,0.059743,6585477599.gpx
1303,2021-11-01 13:13:58+00:00,51.638153,0.059824,6585477599.gpx
1304,2021-11-01 13:14:00+00:00,51.638195,0.059905,6585477599.gpx
1305,2021-11-01 13:14:02+00:00,51.638233,0.059988,6585477599.gpx
1306,2021-11-01 13:14:04+00:00,51.638278,0.06007,6585477599.gpx
1307,2021-11-01 13:14:06+00:00,51.63832,0.06015,6585477599.gpx
1308,2021-11-01 13:14:08+00:00,51.638359,0.060229,6585477599.gpx
1309,2021-11-01 13:14:10+00:00,51.638401,0.060306,6585477599.gpx
1310,2021-11-01 13:14:12+00:00,51.638439,0.060393,6585477599.gpx
1311,2021-11-01 13:14:14+00:00,51.638477,0.060474,6585477599.gpx
1312,2021-11-01 13:14:16+00:00,51.638511,0.060551,6585477599.gpx
1313,2021-11-01 13:14:18+00:00,51.638553,0.060637,6585477599.gpx
1314,2021-11-01 13:14:20+00:00,51.638599,0.060715,6585477599.gpx
1315,2021-11-01 13:14:22+00:00,51.638641,0.060796,6585477599.gpx
1316,2021-11-01 13:14:24+00:00,51.638683,0.060878,6585477599.gpx
1317,2021-11-01 13:14:26+00:00,51.638725,0.060957,6585477599.gpx
1318,2021-11-01 13:14:28+00:00,51.638755,0.061034,6585477599.gpx
1319,2021-11-01 13:14:30+00:00,51.638797,0.061104,6585477599.gpx
1320,2021-11-01 13:14:32+00:00,51.638832,0.061187,6585477599.gpx
1321,2021-11-01 13:14:34+00:00,51.638885,0.061218,6585477599.gpx
1322,2021-11-01 13:14:36+00:00,51.638938,0.061208,6585477599.gpx
1323,2021-11-01 13:14:38+00:00,51.638988,0.061162,6585477599.gpx
1324,2021-11-01 13:14:40+00:00,51.639026,0.061078,6585477599.gpx
1325,2021-11-01 13:14:42+00:00,51.639068,0.061009,6585477599.gpx
1326,2021-11-01 13:14:44+00:00,51.639114,0.060934,6585477599.gpx
1327,2021-11-01 13:14:46+00:00,51.639163,0.060864,6585477599.gpx
1328,2021-11-01 13:14:48+00:00,51.639225,0.060816,6585477599.gpx
1329,2021-11-01 13:14:50+00:00,51.639274,0.060742,6585477599.gpx
1330,2021-11-01 13:14:52+00:00,51.63932,0.060672,6585477599.gpx
1331,2021-11-01 13:14:54+00:00,51.639377,0.060616,6585477599.gpx
1332,2021-11-01 13:14:56+00:00,51.63943,0.060563,6585477599.gpx
1333,2021-11-01 13:14:58+00:00,51.639484,0.060487,6585477599.gpx
1334,2021-11-01 13:15:00+00:00,51.639533,0.060409,6585477599.gpx
1335,2021-11-01 13:15:02+00:00,51.639575,0.060352,6585477599.gpx
1336,2021-11-01 13:15:04+00:00,51.639621,0.06028,6585477599.gpx
1337,2021-11-01 13:15:06+00:00,51.639671,0.060217,6585477599.gpx
1338,2021-11-01 13:15:08+00:00,51.63972,0.060168,6585477599.gpx
1339,2021-11-01 13:15:10+00:00,51.639766,0.060105,6585477599.gpx
1340,2021-11-01 13:15:12+00:00,51.639816,0.060046,6585477599.gpx
1341,2021-11-01 13:15:14+00:00,51.639858,0.059981,6585477599.gpx
1342,2021-11-01 13:15:16+00:00,51.639907,0.059917,6585477599.gpx
1343,2021-11-01 13:15:18+00:00,51.639961,0.059865,6585477599.gpx
1344,2021-11-01 13:15:20+00:00,51.63998,0.059784,6585477599.gpx
1345,2021-11-01 13:15:22+00:00,51.640026,0.059719,6585477599.gpx
1346,2021-11-01 13:15:24+00:00,51.64006,0.059647,6585477599.gpx
1347,2021-11-01 13:15:26+00:00,51.64011,0.059585,6585477599.gpx
1348,2021-11-01 13:15:28+00:00,51.640159,0.059536,6585477599.gpx
1349,2021-11-01 13:15:30+00:00,51.640209,0.059488,6585477599.gpx
1350,2021-11-01 13:15:32+00:00,51.640258,0.059453,6585477599.gpx
1351,2021-11-01 13:15:34+00:00,51.6403,0.059399,6585477599.gpx
1352,2021-11-01 13:15:36+00:00,51.64035,0.05935,6585477599.gpx
1353,2021-11-01 13:15:38+00:00,51.640388,0.059272,6585477599.gpx
1354,2021-11-01 13:15:40+00:00,51.640449,0.059201,6585477599.gpx
1355,2021-11-01 13:15:42+00:00,51.640491,0.05913,6585477599.gpx
1356,2021-11-01 13:15:44+00:00,51.640541,0.059071,6585477599.gpx
1357,2021-11-01 13:15:46+00:00,51.64059,0.058996,6585477599.gpx
1358,2021-11-01 13:15:48+00:00,51.640647,0.058919,6585477599.gpx
1359,2021-11-01 13:15:50+00:00,51.640686,0.05885,6585477599.gpx
1360,2021-11-01 13:15:52+00:00,51.640727,0.058777,6585477599.gpx
1361,2021-11-01 13:15:54+00:00,51.640781,0.058704,6585477599.gpx
1362,2021-11-01 13:15:56+00:00,51.640827,0.058657,6585477599.gpx
1363,2021-11-01 13:15:58+00:00,51.640872,0.058576,6585477599.gpx
1364,2021-11-01 13:16:00+00:00,51.640926,0.058506,6585477599.gpx
1365,2021-11-01 13:16:02+00:00,51.640964,0.058427,6585477599.gpx
1366,2021-11-01 13:16:04+00:00,51.641014,0.058358,6585477599.gpx
1367,2021-11-01 13:16:06+00:00,51.641063,0.058295,6585477599.gpx
1368,2021-11-01 13:16:08+00:00,51.641109,0.058236,6585477599.gpx
1369,2021-11-01 13:16:10+00:00,51.641151,0.058166,6585477599.gpx
1370,2021-11-01 13:16:12+00:00,51.641204,0.058121,6585477599.gpx
1371,2021-11-01 13:16:14+00:00,51.64125,0.058069,6585477599.gpx
1372,2021-11-01 13:16:16+00:00,51.641304,0.05801,6585477599.gpx
1373,2021-11-01 13:16:18+00:00,51.641353,0.057952,6585477599.gpx
1374,2021-11-01 13:16:20+00:00,51.641403,0.057915,6585477599.gpx
1375,2021-11-01 13:16:22+00:00,51.641464,0.057871,6585477599.gpx
1376,2021-11-01 13:16:24+00:00,51.641513,0.057803,6585477599.gpx
1377,2021-11-01 13:16:26+00:00,51.641567,0.057756,6585477599.gpx
1378,2021-11-01 13:16:28+00:00,51.641613,0.057696,6585477599.gpx
1379,2021-11-01 13:16:30+00:00,51.641662,0.057649,6585477599.gpx
1380,2021-11-01 13:16:32+00:00,51.641723,0.057618,6585477599.gpx
1381,2021-11-01 13:16:34+00:00,51.641777,0.057581,6585477599.gpx
1382,2021-11-01 13:16:36+00:00,51.641838,0.057563,6585477599.gpx
1383,2021-11-01 13:16:38+00:00,51.641899,0.05753,6585477599.gpx
1384,2021-11-01 13:16:40+00:00,51.641971,0.057508,6585477599.gpx
1385,2021-11-01 13:16:42+00:00,51.642032,0.057479,6585477599.gpx
1386,2021-11-01 13:16:44+00:00,51.642086,0.057445,6585477599.gpx
1387,2021-11-01 13:16:46+00:00,51.642143,0.057414,6585477599.gpx
1388,2021-11-01 13:16:48+00:00,51.642189,0.057394,6585477599.gpx
1389,2021-11-01 13:16:50+00:00,51.642242,0.057371,6585477599.gpx
1390,2021-11-01 13:16:52+00:00,51.642292,0.057328,6585477599.gpx
1391,2021-11-01 13:16:54+00:00,51.642341,0.057292,6585477599.gpx
1392,2021-11-01 13:16:56+00:00,51.642395,0.057257,6585477599.gpx
1393,2021-11-01 13:16:58+00:00,51.642459,0.057206,6585477599.gpx
1394,2021-11-01 13:17:00+00:00,51.642517,0.057141,6585477599.gpx
1395,2021-11-01 13:17:02+00:00,51.642581,0.057107,6585477599.gpx
1396,2021-11-01 13:17:04+00:00,51.642639,0.057046,6585477599.gpx
1397,2021-11-01 13:17:06+00:00,51.642692,0.057003,6585477599.gpx
1398,2021-11-01 13:17:08+00:00,51.642757,0.056947,6585477599.gpx
1399,2021-11-01 13:17:10+00:00,51.642814,0.056901,6585477599.gpx
1400,2021-11-01 13:17:12+00:00,51.64286,0.056839,6585477599.gpx
1401,2021-11-01 13:17:14+00:00,51.64291,0.056775,6585477599.gpx
1402,2021-11-01 13:17:16+00:00,51.642921,0.056679,6585477599.gpx
1403,2021-11-01 13:17:18+00:00,51.642906,0.05657,6585477599.gpx
1404,2021-11-01 13:17:20+00:00,51.642898,0.056471,6585477599.gpx
1405,2021-11-01 13:17:22+00:00,51.642868,0.056373,6585477599.gpx
1406,2021-11-01 13:17:24+00:00,51.64286,0.056277,6585477599.gpx
1407,2021-11-01 13:17:26+00:00,51.642848,0.056187,6585477599.gpx
1408,2021-11-01 13:17:28+00:00,51.642845,0.056099,6585477599.gpx
1409,2021-11-01 13:17:30+00:00,51.642837,0.055987,6585477599.gpx
1410,2021-11-01 13:17:32+00:00,51.642829,0.055883,6585477599.gpx
1411,2021-11-01 13:17:34+00:00,51.642822,0.055799,6585477599.gpx
1412,2021-11-01 13:17:36+00:00,51.642814,0.0557,6585477599.gpx
1413,2021-11-01 13:17:38+00:00,51.642807,0.055604,6585477599.gpx
1414,2021-11-01 13:17:40+00:00,51.642887,0.055607,6585477599.gpx
1415,2021-11-01 13:17:42+00:00,51.642902,0.055722,6585477599.gpx
1416,2021-11-01 13:17:44+00:00,51.642902,0.055834,6585477599.gpx
1417,2021-11-01 13:17:46+00:00,51.642917,0.055936,6585477599.gpx
1418,2021-11-01 13:17:48+00:00,51.642929,0.056033,6585477599.gpx
1419,2021-11-01 13:17:50+00:00,51.642944,0.056145,6585477599.gpx
1420,2021-11-01 13:17:52+00:00,51.642955,0.056262,6585477599.gpx
1421,2021-11-01 13:17:54+00:00,51.642963,0.056371,6585477599.gpx
1422,2021-11-01 13:17:56+00:00,51.642978,0.056476,6585477599.gpx
1423,2021-11-01 13:17:58+00:00,51.642997,0.056578,6585477599.gpx
1424,2021-11-01 13:18:00+00:00,51.643009,0.056671,6585477599.gpx
1425,2021-11-01 13:18:02+00:00,51.643024,0.05675,6585477599.gpx
1426,2021-11-01 13:18:04+00:00,51.643035,0.056858,6585477599.gpx
1427,2021-11-01 13:18:06+00:00,51.643051,0.056952,6585477599.gpx
1428,2021-11-01 13:18:08+00:00,51.643062,0.05706,6585477599.gpx
1429,2021-11-01 13:18:10+00:00,51.643081,0.057157,6585477599.gpx
1430,2021-11-01 13:18:12+00:00,51.643096,0.057269,6585477599.gpx
1431,2021-11-01 13:18:14+00:00,51.643119,0.057364,6585477599.gpx
1432,2021-11-01 13:18:16+00:00,51.643138,0.057455,6585477599.gpx
1433,2021-11-01 13:18:18+00:00,51.643157,0.057567,6585477599.gpx
1434,2021-11-01 13:18:20+00:00,51.64318,0.05766,6585477599.gpx
1435,2021-11-01 13:18:22+00:00,51.643211,0.05773,6585477599.gpx
1436,2021-11-01 13:18:24+00:00,51.643257,0.057769,6585477599.gpx
1437,2021-11-01 13:18:26+00:00,51.643314,0.057793,6585477599.gpx
1438,2021-11-01 13:18:28+00:00,51.643375,0.057803,6585477599.gpx
1439,2021-11-01 13:18:30+00:00,51.64344,0.057782,6585477599.gpx
1440,2021-11-01 13:18:32+00:00,51.643501,0.057744,6585477599.gpx
1441,2021-11-01 13:18:34+00:00,51.643566,0.0577,6585477599.gpx
1442,2021-11-01 13:18:36+00:00,51.643634,0.05765,6585477599.gpx
1443,2021-11-01 13:18:38+00:00,51.643699,0.057613,6585477599.gpx
1444,2021-11-01 13:18:40+00:00,51.643756,0.057596,6585477599.gpx
1445,2021-11-01 13:18:42+00:00,51.643817,0.057572,6585477599.gpx
1446,2021-11-01 13:18:44+00:00,51.643886,0.057552,6585477599.gpx
1447,2021-11-01 13:18:46+00:00,51.643955,0.057519,6585477599.gpx
1448,2021-11-01 13:18:48+00:00,51.64402,0.057496,6585477599.gpx
1449,2021-11-01 13:18:50+00:00,51.644096,0.057443,6585477599.gpx
1450,2021-11-01 13:18:52+00:00,51.644157,0.057415,6585477599.gpx
1451,2021-11-01 13:18:54+00:00,51.644214,0.057375,6585477599.gpx
1452,2021-11-01 13:18:56+00:00,51.644279,0.05736,6585477599.gpx
1453,2021-11-01 13:18:58+00:00,51.644344,0.057414,6585477599.gpx
1454,2021-11-01 13:19:00+00:00,51.644374,0.057493,6585477599.gpx
